question_num,length_score,rouge_l_score,bleu_score,bert_score_precision,bert_score_recall,bert_score_f1,jaccard_score,cosine_similarity,cosine_similarity_spacy,spacy_score,ragas_score_faithfulness,ragas_score_answer_relevancy,ragas_score_context_precision,ragas_score_context_recall,audience_type,experiment_name,chunksize,chunkoverlap,embedding_model,config_name,num_retrieve,llm_name,llm_temp,llm_top_p,llm_do_sample,llm_repetition_penalty,inference_time,max_new_tokens
0,0.7230769230769231,0.3275862068965517,0.1659299688127225,0.7059458,0.7370641,0.7211695,0.18604651162790697,0.93016326,0.9720172882080078,0.4,1.0,0.8911983467552266,0.8666666666377778,1.0,marketing,llm_params,512,100,multi-qa-mpnet-base-dot-v1,greedy_baseline,5,mistralai/Mistral-7B-Instruct-v0.3,0.0,1.0,False,1.0,174.784777,200
7,0.7,0.6666666666666667,0.4710012314144844,0.7581556,0.8463107,0.7998114,0.5,0.9413925,0.9330576062202454,1.0,0.5,0.9398413405169762,0.9166666666361111,1.0,marketing,llm_params,512,100,multi-qa-mpnet-base-dot-v1,greedy_baseline,5,mistralai/Mistral-7B-Instruct-v0.3,0.0,1.0,False,1.0,174.784777,200
11,0.2564102564102564,0.0,0.0,0.5238125,0.63359594,0.57349753,0.0,0.33186254,0.7751615643501282,0.0,0.4,0.8125289561244728,0.5333333333155555,1.0,marketing,llm_params,512,100,multi-qa-mpnet-base-dot-v1,greedy_baseline,5,mistralai/Mistral-7B-Instruct-v0.3,0.0,1.0,False,1.0,174.784777,200
19,0.6949152542372882,0.19642857142857145,0.0,0.58128405,0.6242329,0.60199344,0.08823529411764706,0.5664314,0.9241702556610107,0.0,0.0,0.9754643418175435,0.6388888888675925,0.0,marketing,llm_params,512,100,multi-qa-mpnet-base-dot-v1,greedy_baseline,5,mistralai/Mistral-7B-Instruct-v0.3,0.0,1.0,False,1.0,174.784777,200
27,0.6666666666666666,0.31034482758620696,0.08519620064976903,0.7277084,0.78595483,0.7557109,0.14285714285714285,0.86495876,0.9364463090896606,0.0,0.5,0.9612935752329651,0.8874999999778125,1.0,marketing,llm_params,512,100,multi-qa-mpnet-base-dot-v1,greedy_baseline,5,mistralai/Mistral-7B-Instruct-v0.3,0.0,1.0,False,1.0,174.784777,200
28,0.7083333333333334,0.4235294117647058,0.2575767192266146,0.67404675,0.72348046,0.6978893,0.2413793103448276,0.9091979,0.969646692276001,0.4,0.8,0.9862418759307103,0.99999999998,1.0,marketing,llm_params,512,100,multi-qa-mpnet-base-dot-v1,greedy_baseline,5,mistralai/Mistral-7B-Instruct-v0.3,0.0,1.0,False,1.0,174.784777,200
33,0.8260869565217391,0.48888888888888893,0.17029078484626484,0.80176866,0.6720689,0.73121184,0.35294117647058826,0.9399979,0.9637835025787354,1.0,0.6666666666666666,0.9760353732951572,0.99999999998,1.0,marketing,llm_params,512,100,multi-qa-mpnet-base-dot-v1,greedy_baseline,5,mistralai/Mistral-7B-Instruct-v0.3,0.0,1.0,False,1.0,174.784777,200
53,0.5806451612903226,0.21568627450980393,0.0,0.65125793,0.70443356,0.67680293,0.15384615384615385,0.7039354,0.9553059339523315,0.0,1.0,0.8333448054340312,0.99999999998,1.0,marketing,llm_params,512,100,multi-qa-mpnet-base-dot-v1,greedy_baseline,5,mistralai/Mistral-7B-Instruct-v0.3,0.0,1.0,False,1.0,174.784777,200
63,0.4470588235294118,0.4444444444444445,0.1357151061152148,0.6454011,0.7771799,0.70518696,0.27906976744186046,0.9026495,0.9796378016471863,0.0,0.6666666666666666,0.9676786120294949,0.99999999998,1.0,marketing,llm_params,512,100,multi-qa-mpnet-base-dot-v1,greedy_baseline,5,mistralai/Mistral-7B-Instruct-v0.3,0.0,1.0,False,1.0,174.784777,200
76,0.47560975609756095,0.22222222222222227,0.0,0.6236832,0.7174789,0.6673012,0.14285714285714285,0.7790537,0.949410080909729,0.0,0.16666666666666666,0.906598851859038,0.6791666666496875,1.0,marketing,llm_params,512,100,multi-qa-mpnet-base-dot-v1,greedy_baseline,5,mistralai/Mistral-7B-Instruct-v0.3,0.0,1.0,False,1.0,174.784777,200
87,0.25,0.4,0.21806393357781367,0.602045,0.88120395,0.71535456,0.32142857142857145,0.9231957,0.9453986287117004,0.5,1.0,1.0,0.249999999975,1.0,marketing,llm_params,512,100,multi-qa-mpnet-base-dot-v1,greedy_baseline,5,mistralai/Mistral-7B-Instruct-v0.3,0.0,1.0,False,1.0,174.784777,200
92,0.6216216216216216,0.3464566929133859,0.0,0.71151185,0.6805721,0.6956982,0.0851063829787234,0.6246885,0.9649837613105774,0.0,0.7142857142857143,0.850937006329356,0.5961904761785524,0.7777777777777778,marketing,llm_params,512,100,multi-qa-mpnet-base-dot-v1,greedy_baseline,5,mistralai/Mistral-7B-Instruct-v0.3,0.0,1.0,False,1.0,174.784777,200
95,0.9361702127659575,0.2765957446808511,0.21217947051943883,0.6978306,0.6776042,0.68756866,0.1794871794871795,0.6205214,0.9641567468643188,0.0,1.0,0.958736335137032,0.8874999999778125,1.0,marketing,llm_params,512,100,multi-qa-mpnet-base-dot-v1,greedy_baseline,5,mistralai/Mistral-7B-Instruct-v0.3,0.0,1.0,False,1.0,174.784777,200
103,0.5531914893617021,0.5205479452054794,0.13011054601051442,0.7535143,0.86207724,0.8041482,0.4,0.9299066,0.9706049561500549,0.0,1.0,0.9811418522539689,0.999999999975,1.0,marketing,llm_params,512,100,multi-qa-mpnet-base-dot-v1,greedy_baseline,5,mistralai/Mistral-7B-Instruct-v0.3,0.0,1.0,False,1.0,174.784777,200
110,0.8392857142857143,0.27184466019417475,0.0,0.7018538,0.6534132,0.67676777,0.15789473684210525,0.8659917,0.9496880769729614,0.0,0.5,0.9783195694538566,0.7961904761745524,1.0,marketing,llm_params,512,100,multi-qa-mpnet-base-dot-v1,greedy_baseline,5,mistralai/Mistral-7B-Instruct-v0.3,0.0,1.0,False,1.0,174.784777,200
0,0.8301886792452831,0.27586206896551724,0.13225666139229075,0.6670389,0.6656558,0.6663466,0.25862068965517243,0.69336176,0.9795292615890503,0.0,1.0,0.9002261165558623,0.94999999997625,1.0,research,llm_params,512,100,multi-qa-mpnet-base-dot-v1,greedy_baseline,5,mistralai/Mistral-7B-Instruct-v0.3,0.0,1.0,False,1.0,291.99586,200
7,0.7912087912087912,0.29050279329608936,0.13901042042669962,0.618628,0.6568601,0.6371711,0.10526315789473684,0.82381773,0.9464172720909119,0.0,0.6,0.9359906483914467,0.99999999998,0.5,research,llm_params,512,100,multi-qa-mpnet-base-dot-v1,greedy_baseline,5,mistralai/Mistral-7B-Instruct-v0.3,0.0,1.0,False,1.0,291.99586,200
11,0.6944444444444444,0.15384615384615385,0.0,0.5351922,0.652636,0.5881081,0.0967741935483871,0.590077,0.9679827690124512,0.0,0.25,0.9747125903815866,0.9999999999833333,1.0,research,llm_params,512,100,multi-qa-mpnet-base-dot-v1,greedy_baseline,5,mistralai/Mistral-7B-Instruct-v0.3,0.0,1.0,False,1.0,291.99586,200
19,0.646551724137931,0.21256038647342995,0.06358673962821187,0.5588341,0.64189714,0.5974925,0.12280701754385964,0.42535746,0.9477651715278625,0.6666666666666666,1.0,0.0,0.6388888888675925,0.6666666666666666,research,llm_params,512,100,multi-qa-mpnet-base-dot-v1,greedy_baseline,5,mistralai/Mistral-7B-Instruct-v0.3,0.0,1.0,False,1.0,291.99586,200
27,0.6813186813186813,0.35,0.19159905438262323,0.70255363,0.6826482,0.6924579,0.21739130434782608,0.8235524,0.9785012602806091,0.0,1.0,0.9140199415709481,0.99999999998,0.25,research,llm_params,512,100,multi-qa-mpnet-base-dot-v1,greedy_baseline,5,mistralai/Mistral-7B-Instruct-v0.3,0.0,1.0,False,1.0,291.99586,200
28,0.6923076923076923,0.29670329670329665,0.15666715730266415,0.61492044,0.6358494,0.62520987,0.1935483870967742,0.79871154,0.9806691408157349,0.5714285714285715,0.8888888888888888,0.9065734377354714,0.99999999998,0.3333333333333333,research,llm_params,512,100,multi-qa-mpnet-base-dot-v1,greedy_baseline,5,mistralai/Mistral-7B-Instruct-v0.3,0.0,1.0,False,1.0,291.99586,200
33,0.864406779661017,0.40707964601769914,0.2784611662973446,0.6475939,0.6693886,0.6583109,0.27906976744186046,0.81993616,0.9538118243217468,0.0,1.0,0.9986092800283217,0.99999999998,0.75,research,llm_params,512,100,multi-qa-mpnet-base-dot-v1,greedy_baseline,5,mistralai/Mistral-7B-Instruct-v0.3,0.0,1.0,False,1.0,291.99586,200
53,0.6724137931034483,0.22660098522167488,0.08281005241826915,0.61405176,0.6326338,0.62320435,0.11764705882352941,0.6301332,0.9705650210380554,0.0,0.6,0.0,0.99999999998,1.0,research,llm_params,512,100,multi-qa-mpnet-base-dot-v1,greedy_baseline,5,mistralai/Mistral-7B-Instruct-v0.3,0.0,1.0,False,1.0,291.99586,200
63,0.5734265734265734,0.5344827586206897,0.27921077546541284,0.7166178,0.8110547,0.76091737,0.3709677419354839,0.8995457,0.9901568293571472,0.6666666666666666,0.8571428571428571,0.9640063217677575,0.99999999998,1.0,research,llm_params,512,100,multi-qa-mpnet-base-dot-v1,greedy_baseline,5,mistralai/Mistral-7B-Instruct-v0.3,0.0,1.0,False,1.0,291.99586,200
76,0.5723270440251572,0.21875,0.059607480330148024,0.61760545,0.644611,0.6308193,0.12903225806451613,0.7776856,0.9596713185310364,0.0,0.2,0.9619920269143056,0.99999999998,1.0,research,llm_params,512,100,multi-qa-mpnet-base-dot-v1,greedy_baseline,5,mistralai/Mistral-7B-Instruct-v0.3,0.0,1.0,False,1.0,291.99586,200
87,0.5827338129496403,0.3408071748878924,0.09649453661035383,0.6363943,0.6987521,0.666117,0.234375,0.70411897,0.9792330265045166,0.2,0.875,1.0,0.7345238095115675,0.8,research,llm_params,512,100,multi-qa-mpnet-base-dot-v1,greedy_baseline,5,mistralai/Mistral-7B-Instruct-v0.3,0.0,1.0,False,1.0,291.99586,200
92,0.7757009345794392,0.4467005076142132,0.2851050349553799,0.68301606,0.7616813,0.720207,0.2903225806451613,0.68683875,0.9743950366973877,0.0,1.0,0.9944395838992289,0.5666666666525,1.0,research,llm_params,512,100,multi-qa-mpnet-base-dot-v1,greedy_baseline,5,mistralai/Mistral-7B-Instruct-v0.3,0.0,1.0,False,1.0,291.99586,200
95,0.8070175438596491,0.26046511627906976,0.13847550162243627,0.60620075,0.6691024,0.6361003,0.15714285714285714,0.66871357,0.9612866044044495,0.0,1.0,1.0,0.99999999998,1.0,research,llm_params,512,100,multi-qa-mpnet-base-dot-v1,greedy_baseline,5,mistralai/Mistral-7B-Instruct-v0.3,0.0,1.0,False,1.0,291.99586,200
103,0.7798165137614679,0.3979591836734694,0.2357099673402242,0.67676616,0.7547481,0.71363306,0.3114754098360656,0.86585605,0.9766993522644043,0.8,1.0,0.9830040152131538,0.999999999975,1.0,research,llm_params,512,100,multi-qa-mpnet-base-dot-v1,greedy_baseline,5,mistralai/Mistral-7B-Instruct-v0.3,0.0,1.0,False,1.0,291.99586,200
110,0.8571428571428571,0.247787610619469,0.14797383994557092,0.55600303,0.5942869,0.57450783,0.203125,0.70304954,0.9514439702033997,0.22222222222222224,1.0,0.9810093098107235,0.9150793650641138,1.0,research,llm_params,512,100,multi-qa-mpnet-base-dot-v1,greedy_baseline,5,mistralai/Mistral-7B-Instruct-v0.3,0.0,1.0,False,1.0,291.99586,200
0,0.723404255319149,0.2619047619047619,0.06455888326054383,0.73606163,0.6778077,0.70573455,0.14705882352941177,0.8338585,0.9335677027702332,0.5,0.8333333333333334,0.8993526359534013,0.94999999997625,1.0,marketing,llm_params,512,100,multi-qa-mpnet-base-dot-v1,greedy_with_rep_penalty,5,mistralai/Mistral-7B-Instruct-v0.3,0.0,1.0,False,1.1,169.435474,200
7,0.34146341463414637,0.36619718309859156,0.1375833962645338,0.53738064,0.79316425,0.6406865,0.29411764705882354,0.89406824,0.8883230090141296,0.0,0.6,0.9380068508909326,0.9166666666361111,1.0,marketing,llm_params,512,100,multi-qa-mpnet-base-dot-v1,greedy_with_rep_penalty,5,mistralai/Mistral-7B-Instruct-v0.3,0.0,1.0,False,1.1,169.435474,200
11,0.29411764705882354,0.0,0.0,0.5517005,0.6514907,0.5974574,0.0,0.3308341,0.7824169397354126,0.0,1.0,0.9376790767955994,0.5333333333155555,1.0,marketing,llm_params,512,100,multi-qa-mpnet-base-dot-v1,greedy_with_rep_penalty,5,mistralai/Mistral-7B-Instruct-v0.3,0.0,1.0,False,1.1,169.435474,200
19,0.7454545454545455,0.1834862385321101,0.0,0.5717098,0.6378852,0.60298735,0.12121212121212122,0.71605194,0.9274116158485413,0.0,0.0,0.9724581418647901,0.5888888888692593,0.0,marketing,llm_params,512,100,multi-qa-mpnet-base-dot-v1,greedy_with_rep_penalty,5,mistralai/Mistral-7B-Instruct-v0.3,0.0,1.0,False,1.1,169.435474,200
27,0.7096774193548387,0.25,0.08071364532479955,0.6745635,0.73486245,0.70342314,0.08695652173913043,0.8646653,0.9074005484580994,0.0,0.5,0.919726495747608,0.8874999999778125,1.0,marketing,llm_params,512,100,multi-qa-mpnet-base-dot-v1,greedy_with_rep_penalty,5,mistralai/Mistral-7B-Instruct-v0.3,0.0,1.0,False,1.1,169.435474,200
28,0.8823529411764706,0.21212121212121215,0.0,0.7192243,0.71649486,0.71785694,0.10714285714285714,0.7466047,0.9443856477737427,0.0,0.75,0.8684063612842032,0.99999999998,1.0,marketing,llm_params,512,100,multi-qa-mpnet-base-dot-v1,greedy_with_rep_penalty,5,mistralai/Mistral-7B-Instruct-v0.3,0.0,1.0,False,1.1,169.435474,200
33,0.6739130434782609,0.5060240963855421,0.15150618172734656,0.80230844,0.6528364,0.7198955,0.3333333333333333,0.94226694,0.9559418559074402,1.0,0.5,0.9760353732951572,0.99999999998,1.0,marketing,llm_params,512,100,multi-qa-mpnet-base-dot-v1,greedy_with_rep_penalty,5,mistralai/Mistral-7B-Instruct-v0.3,0.0,1.0,False,1.1,169.435474,200
53,0.9473684210526315,0.20253164556962025,0.0,0.69728756,0.69015217,0.6937015,0.058823529411764705,0.69844437,0.9469490051269531,0.0,0.5,0.9034941278108494,0.99999999998,1.0,marketing,llm_params,512,100,multi-qa-mpnet-base-dot-v1,greedy_with_rep_penalty,5,mistralai/Mistral-7B-Instruct-v0.3,0.0,1.0,False,1.1,169.435474,200
63,0.4935064935064935,0.4406779661016949,0.15043251621945375,0.67969996,0.80761135,0.7381553,0.3023255813953488,0.9246321,0.9813634157180786,0.0,0.7777777777777778,0.9620836144066534,0.99999999998,1.0,marketing,llm_params,512,100,multi-qa-mpnet-base-dot-v1,greedy_with_rep_penalty,5,mistralai/Mistral-7B-Instruct-v0.3,0.0,1.0,False,1.1,169.435474,200
76,0.4642857142857143,0.2362204724409449,0.09845090289744224,0.6259664,0.74940497,0.68214643,0.07547169811320754,0.7836903,0.9445183277130127,0.0,0.2857142857142857,0.0,0.99999999998,1.0,marketing,llm_params,512,100,multi-qa-mpnet-base-dot-v1,greedy_with_rep_penalty,5,mistralai/Mistral-7B-Instruct-v0.3,0.0,1.0,False,1.1,169.435474,200
87,0.24285714285714285,0.16091954022988506,0.0,0.5526558,0.75709033,0.6389183,0.18181818181818182,0.8522339,0.9409014582633972,0.6666666666666666,0.5,0.9095013614866303,0.249999999975,1.0,marketing,llm_params,512,100,multi-qa-mpnet-base-dot-v1,greedy_with_rep_penalty,5,mistralai/Mistral-7B-Instruct-v0.3,0.0,1.0,False,1.1,169.435474,200
92,0.527027027027027,0.3833333333333333,0.0,0.76311255,0.6902973,0.7248809,0.0975609756097561,0.6255802,0.9702619314193726,0.0,0.7142857142857143,0.8499386326261321,0.5961904761785524,0.7777777777777778,marketing,llm_params,512,100,multi-qa-mpnet-base-dot-v1,greedy_with_rep_penalty,5,mistralai/Mistral-7B-Instruct-v0.3,0.0,1.0,False,1.1,169.435474,200
95,0.9215686274509803,0.2549019607843137,0.11058250885178057,0.6533843,0.668012,0.66061723,0.11363636363636363,0.5186428,0.9671767354011536,0.0,0.6666666666666666,0.8784854877869898,0.8874999999778125,0.6666666666666666,marketing,llm_params,512,100,multi-qa-mpnet-base-dot-v1,greedy_with_rep_penalty,5,mistralai/Mistral-7B-Instruct-v0.3,0.0,1.0,False,1.1,169.435474,200
103,0.52,0.5526315789473685,0.12252760536359761,0.75824285,0.875159,0.81251657,0.35294117647058826,0.90316534,0.9774070382118225,0.0,0.5,0.9830315971249917,0.999999999975,1.0,marketing,llm_params,512,100,multi-qa-mpnet-base-dot-v1,greedy_with_rep_penalty,5,mistralai/Mistral-7B-Instruct-v0.3,0.0,1.0,False,1.1,169.435474,200
110,0.9642857142857143,0.2545454545454545,0.0,0.6884436,0.66051936,0.6741924,0.09302325581395349,0.86200196,0.9553525447845459,0.0,0.5,0.9783198834038503,0.7961904761745524,1.0,marketing,llm_params,512,100,multi-qa-mpnet-base-dot-v1,greedy_with_rep_penalty,5,mistralai/Mistral-7B-Instruct-v0.3,0.0,1.0,False,1.1,169.435474,200
0,0.9777777777777777,0.3010752688172043,0.13598815001105743,0.69732136,0.69208014,0.6946909,0.24561403508771928,0.6897719,0.9793367981910706,0.0,0.875,0.9461617770110613,0.94999999997625,1.0,research,llm_params,512,100,multi-qa-mpnet-base-dot-v1,greedy_with_rep_penalty,5,mistralai/Mistral-7B-Instruct-v0.3,0.0,1.0,False,1.1,273.078639,200
7,0.7362637362637363,0.3103448275862069,0.13738308277481603,0.63643926,0.66183233,0.6488874,0.12280701754385964,0.7660955,0.936896800994873,0.0,0.25,0.9403462168753679,0.99999999998,0.5,research,llm_params,512,100,multi-qa-mpnet-base-dot-v1,greedy_with_rep_penalty,5,mistralai/Mistral-7B-Instruct-v0.3,0.0,1.0,False,1.1,273.078639,200
11,0.6578947368421053,0.233502538071066,0.0,0.54177326,0.6190666,0.5778467,0.10526315789473684,0.602288,0.9596441984176636,0.4,1.0,0.9715810818462506,0.8766666666491334,1.0,research,llm_params,512,100,multi-qa-mpnet-base-dot-v1,greedy_with_rep_penalty,5,mistralai/Mistral-7B-Instruct-v0.3,0.0,1.0,False,1.1,273.078639,200
19,0.7142857142857143,0.1791044776119403,0.04330727257337871,0.53795356,0.6229569,0.5773432,0.07575757575757576,0.6212451,0.9434016346931458,0.0,0.1111111111111111,0.0,0.6791666666496875,1.0,research,llm_params,512,100,multi-qa-mpnet-base-dot-v1,greedy_with_rep_penalty,5,mistralai/Mistral-7B-Instruct-v0.3,0.0,1.0,False,1.1,273.078639,200
27,0.9340659340659341,0.33695652173913043,0.21410606579271074,0.71042514,0.71214396,0.7112835,0.2641509433962264,0.8370343,0.9809170365333557,0.0,0.8333333333333334,0.9999986031495895,0.99999999998,0.25,research,llm_params,512,100,multi-qa-mpnet-base-dot-v1,greedy_with_rep_penalty,5,mistralai/Mistral-7B-Instruct-v0.3,0.0,1.0,False,1.1,273.078639,200
28,0.7741935483870968,0.2807017543859649,0.18568961962025265,0.6516745,0.667773,0.65962553,0.17543859649122806,0.82216907,0.9800970554351807,0.8,1.0,0.9638317430837722,0.99999999998,0.3333333333333333,research,llm_params,512,100,multi-qa-mpnet-base-dot-v1,greedy_with_rep_penalty,5,mistralai/Mistral-7B-Instruct-v0.3,0.0,1.0,False,1.1,273.078639,200
33,0.8529411764705882,0.3636363636363636,0.21937707938861079,0.72629106,0.7081119,0.7170863,0.14814814814814814,0.7720541,0.9850039482116699,0.0,1.0,0.9730942474877152,0.99999999998,0.75,research,llm_params,512,100,multi-qa-mpnet-base-dot-v1,greedy_with_rep_penalty,5,mistralai/Mistral-7B-Instruct-v0.3,0.0,1.0,False,1.1,273.078639,200
53,0.8764044943820225,0.3103448275862069,0.17916737430540786,0.6220561,0.6262943,0.62416804,0.17543859649122806,0.69028103,0.9652190804481506,0.0,0.6,0.9396042942206954,0.99999999998,1.0,research,llm_params,512,100,multi-qa-mpnet-base-dot-v1,greedy_with_rep_penalty,5,mistralai/Mistral-7B-Instruct-v0.3,0.0,1.0,False,1.1,273.078639,200
63,0.6165413533834586,0.25,0.08810301480413135,0.64844537,0.73438,0.6887425,0.16455696202531644,0.7964276,0.980804979801178,0.33333333333333337,1.0,0.9640063217677575,0.99999999998,1.0,research,llm_params,512,100,multi-qa-mpnet-base-dot-v1,greedy_with_rep_penalty,5,mistralai/Mistral-7B-Instruct-v0.3,0.0,1.0,False,1.1,273.078639,200
76,0.610738255033557,0.21862348178137653,0.0,0.63845396,0.6873415,0.6619964,0.17105263157894737,0.7920872,0.976004958152771,0.0,0.2,0.9372732469609933,0.99999999998,1.0,research,llm_params,512,100,multi-qa-mpnet-base-dot-v1,greedy_with_rep_penalty,5,mistralai/Mistral-7B-Instruct-v0.3,0.0,1.0,False,1.1,273.078639,200
87,0.7363636363636363,0.3730569948186529,0.11956524372129379,0.6712551,0.706542,0.6884467,0.24193548387096775,0.7641892,0.973020076751709,0.5,1.0,1.0,0.7345238095115675,0.8,research,llm_params,512,100,multi-qa-mpnet-base-dot-v1,greedy_with_rep_penalty,5,mistralai/Mistral-7B-Instruct-v0.3,0.0,1.0,False,1.1,273.078639,200
92,0.5886524822695035,0.354978354978355,0.16278460833498148,0.650205,0.7476921,0.69554925,0.16455696202531644,0.78392553,0.9828198552131653,0.0,0.8888888888888888,0.9944395838992289,0.5666666666525,1.0,research,llm_params,512,100,multi-qa-mpnet-base-dot-v1,greedy_with_rep_penalty,5,mistralai/Mistral-7B-Instruct-v0.3,0.0,1.0,False,1.1,273.078639,200
95,0.8214285714285714,0.24528301886792453,0.13681276370478437,0.6055021,0.6639347,0.63337356,0.15714285714285714,0.6794715,0.9593505263328552,0.0,1.0,1.0,0.99999999998,1.0,research,llm_params,512,100,multi-qa-mpnet-base-dot-v1,greedy_with_rep_penalty,5,mistralai/Mistral-7B-Instruct-v0.3,0.0,1.0,False,1.1,273.078639,200
103,0.7647058823529411,0.4768211920529801,0.26745633330026575,0.7975872,0.7646452,0.7807689,0.36538461538461536,0.883069,0.9846585988998413,0.6666666666666666,1.0,0.9830040152131538,0.9166666666361111,1.0,research,llm_params,512,100,multi-qa-mpnet-base-dot-v1,greedy_with_rep_penalty,5,mistralai/Mistral-7B-Instruct-v0.3,0.0,1.0,False,1.1,273.078639,200
110,0.9444444444444444,0.26046511627906976,0.14632644750040788,0.57035685,0.60130125,0.5854204,0.18055555555555555,0.71551126,0.9649868607521057,0.25,0.7142857142857143,0.9810093098107235,0.7961904761745524,0.75,research,llm_params,512,100,multi-qa-mpnet-base-dot-v1,greedy_with_rep_penalty,5,mistralai/Mistral-7B-Instruct-v0.3,0.0,1.0,False,1.1,273.078639,200
0,0.723404255319149,0.2619047619047619,0.06455888326054383,0.7328166,0.6810956,0.7060101,0.14705882352941177,0.8324543,0.9268298149108887,0.5,0.8333333333333334,0.8992892110692243,0.94999999997625,1.0,marketing,llm_params,512,100,multi-qa-mpnet-base-dot-v1,low_temp_tight_sampling,5,mistralai/Mistral-7B-Instruct-v0.3,0.1,0.9,True,1.1,166.774766,200
7,0.3684210526315789,0.38235294117647056,0.15251919636544697,0.5515594,0.79074615,0.6498423,0.3333333333333333,0.8930329,0.8898396492004395,0.0,0.6,0.9380068508909326,0.9166666666361111,1.0,marketing,llm_params,512,100,multi-qa-mpnet-base-dot-v1,low_temp_tight_sampling,5,mistralai/Mistral-7B-Instruct-v0.3,0.1,0.9,True,1.1,166.774766,200
11,0.29411764705882354,0.0,0.0,0.5517004,0.6514907,0.5974574,0.0,0.3308341,0.7824169397354126,0.0,1.0,0.9650858672356096,0.5333333333155555,1.0,marketing,llm_params,512,100,multi-qa-mpnet-base-dot-v1,low_temp_tight_sampling,5,mistralai/Mistral-7B-Instruct-v0.3,0.1,0.9,True,1.1,166.774766,200
19,0.7454545454545455,0.1834862385321101,0.0,0.57170975,0.6378852,0.6029873,0.12121212121212122,0.71605194,0.9274116158485413,0.0,0.3333333333333333,0.9742154799496389,0.5888888888692593,0.0,marketing,llm_params,512,100,multi-qa-mpnet-base-dot-v1,low_temp_tight_sampling,5,mistralai/Mistral-7B-Instruct-v0.3,0.1,0.9,True,1.1,166.774766,200
27,0.6875,0.2456140350877193,0.08032915292474029,0.6818075,0.7388059,0.7091632,0.13043478260869565,0.8708539,0.9137077927589417,0.0,0.5,0.9572148372323005,0.99999999998,1.0,marketing,llm_params,512,100,multi-qa-mpnet-base-dot-v1,low_temp_tight_sampling,5,mistralai/Mistral-7B-Instruct-v0.3,0.1,0.9,True,1.1,166.774766,200
28,0.9714285714285714,0.22535211267605634,0.0,0.69641393,0.67219925,0.68409234,0.03333333333333333,0.76256216,0.9628573060035706,0.0,0.6666666666666666,0.8845464609282692,0.99999999998,1.0,marketing,llm_params,512,100,multi-qa-mpnet-base-dot-v1,low_temp_tight_sampling,5,mistralai/Mistral-7B-Instruct-v0.3,0.1,0.9,True,1.1,166.774766,200
33,0.6739130434782609,0.5060240963855421,0.15150618172734656,0.80230844,0.6528364,0.7198955,0.3333333333333333,0.94226694,0.9559418559074402,1.0,0.5,0.9760353732951572,0.99999999998,1.0,marketing,llm_params,512,100,multi-qa-mpnet-base-dot-v1,low_temp_tight_sampling,5,mistralai/Mistral-7B-Instruct-v0.3,0.1,0.9,True,1.1,166.774766,200
53,0.972972972972973,0.2278481012658228,0.0,0.68911886,0.69167036,0.6903922,0.06060606060606061,0.6884582,0.9389432668685913,0.0,0.6666666666666666,0.9034941278108494,0.99999999998,1.0,marketing,llm_params,512,100,multi-qa-mpnet-base-dot-v1,low_temp_tight_sampling,5,mistralai/Mistral-7B-Instruct-v0.3,0.1,0.9,True,1.1,166.774766,200
63,0.6229508196721312,0.37254901960784315,0.13781665142478125,0.72389644,0.81013685,0.76459247,0.2,0.9449246,0.9805622100830078,0.0,0.875,0.9620836144066534,0.99999999998,1.0,marketing,llm_params,512,100,multi-qa-mpnet-base-dot-v1,low_temp_tight_sampling,5,mistralai/Mistral-7B-Instruct-v0.3,0.1,0.9,True,1.1,166.774766,200
76,0.5652173913043478,0.25,0.11161133657801552,0.6467516,0.7365054,0.68871665,0.08333333333333333,0.75632966,0.9444143772125244,0.0,0.7142857142857143,0.0,0.6791666666496875,1.0,marketing,llm_params,512,100,multi-qa-mpnet-base-dot-v1,low_temp_tight_sampling,5,mistralai/Mistral-7B-Instruct-v0.3,0.1,0.9,True,1.1,166.774766,200
87,0.265625,0.19753086419753085,0.052270387117468384,0.5602842,0.770323,0.6487261,0.1875,0.8495009,0.940678060054779,0.6666666666666666,0.7142857142857143,0.9108492450887661,0.249999999975,1.0,marketing,llm_params,512,100,multi-qa-mpnet-base-dot-v1,low_temp_tight_sampling,5,mistralai/Mistral-7B-Instruct-v0.3,0.1,0.9,True,1.1,166.774766,200
92,0.5945945945945946,0.35200000000000004,0.0,0.7547322,0.68867093,0.7201898,0.11363636363636363,0.60475713,0.965225875377655,0.0,0.7142857142857143,0.8501046815823081,0.5961904761785524,0.5,marketing,llm_params,512,100,multi-qa-mpnet-base-dot-v1,low_temp_tight_sampling,5,mistralai/Mistral-7B-Instruct-v0.3,0.1,0.9,True,1.1,166.774766,200
95,0.9215686274509803,0.2549019607843137,0.11058250885178057,0.65338427,0.668012,0.6606172,0.11363636363636363,0.5186428,0.9671767354011536,0.0,0.6666666666666666,0.8786006755864724,0.8874999999778125,0.6666666666666666,marketing,llm_params,512,100,multi-qa-mpnet-base-dot-v1,low_temp_tight_sampling,5,mistralai/Mistral-7B-Instruct-v0.3,0.1,0.9,True,1.1,166.774766,200
103,0.52,0.5526315789473685,0.12252760536359761,0.75824285,0.875159,0.81251657,0.35294117647058826,0.90316534,0.9774070382118225,0.0,0.75,0.9830040152131538,0.999999999975,1.0,marketing,llm_params,512,100,multi-qa-mpnet-base-dot-v1,low_temp_tight_sampling,5,mistralai/Mistral-7B-Instruct-v0.3,0.1,0.9,True,1.1,166.774766,200
110,0.7321428571428571,0.26804123711340205,0.0,0.6773226,0.63815385,0.65715516,0.10526315789473684,0.8241571,0.9541468620300293,0.0,0.0,0.9783195694538566,0.7678571428379464,1.0,marketing,llm_params,512,100,multi-qa-mpnet-base-dot-v1,low_temp_tight_sampling,5,mistralai/Mistral-7B-Instruct-v0.3,0.1,0.9,True,1.1,166.774766,200
0,0.8712871287128713,0.2626262626262626,0.10457369634216264,0.68418276,0.6880378,0.68610495,0.18333333333333332,0.7261733,0.9771014451980591,0.0,1.0,0.9461617770110613,0.94999999997625,1.0,research,llm_params,512,100,multi-qa-mpnet-base-dot-v1,low_temp_tight_sampling,5,mistralai/Mistral-7B-Instruct-v0.3,0.1,0.9,True,1.1,270.042053,200
7,0.7362637362637363,0.3103448275862069,0.13738308277481603,0.63643926,0.66183233,0.6488874,0.12280701754385964,0.7660955,0.936896800994873,0.0,0.25,0.9425240011173279,0.99999999998,0.25,research,llm_params,512,100,multi-qa-mpnet-base-dot-v1,low_temp_tight_sampling,5,mistralai/Mistral-7B-Instruct-v0.3,0.1,0.9,True,1.1,270.042053,200
11,0.5725190839694656,0.23636363636363636,0.044377273830646234,0.5569676,0.6301496,0.5913029,0.1076923076923077,0.52672243,0.9779967665672302,0.28571428571428575,1.0,0.945236269333032,0.8766666666491334,1.0,research,llm_params,512,100,multi-qa-mpnet-base-dot-v1,low_temp_tight_sampling,5,mistralai/Mistral-7B-Instruct-v0.3,0.1,0.9,True,1.1,270.042053,200
19,0.6696428571428571,0.18446601941747573,0.039673552647011466,0.55240965,0.64487875,0.5950734,0.07142857142857142,0.592013,0.9462472200393677,0.0,0.5,0.0,0.6791666666496875,0.3333333333333333,research,llm_params,512,100,multi-qa-mpnet-base-dot-v1,low_temp_tight_sampling,5,mistralai/Mistral-7B-Instruct-v0.3,0.1,0.9,True,1.1,270.042053,200
27,0.8351648351648352,0.3314285714285714,0.21246513206330994,0.7234386,0.7019864,0.712551,0.2857142857142857,0.8331194,0.9827418923377991,0.0,1.0,0.9999999999999999,0.99999999998,0.75,research,llm_params,512,100,multi-qa-mpnet-base-dot-v1,low_temp_tight_sampling,5,mistralai/Mistral-7B-Instruct-v0.3,0.1,0.9,True,1.1,270.042053,200
28,0.9,0.3037974683544304,0.2170706534140728,0.67688394,0.66612196,0.67145985,0.18518518518518517,0.79765487,0.9773743152618408,0.8,1.0,0.9638443031574975,0.99999999998,0.3333333333333333,research,llm_params,512,100,multi-qa-mpnet-base-dot-v1,low_temp_tight_sampling,5,mistralai/Mistral-7B-Instruct-v0.3,0.1,0.9,True,1.1,270.042053,200
33,0.8921568627450981,0.3762376237623762,0.22380985050720453,0.73292553,0.710827,0.72170717,0.14545454545454545,0.7954315,0.9876794219017029,0.0,0.8,0.9730942474877152,0.99999999998,0.75,research,llm_params,512,100,multi-qa-mpnet-base-dot-v1,low_temp_tight_sampling,5,mistralai/Mistral-7B-Instruct-v0.3,0.1,0.9,True,1.1,270.042053,200
53,0.6964285714285714,0.2512562814070352,0.0873439788312308,0.6297407,0.6408528,0.6352482,0.14705882352941177,0.7049708,0.9758750200271606,0.0,0.5,0.0,0.99999999998,1.0,research,llm_params,512,100,multi-qa-mpnet-base-dot-v1,low_temp_tight_sampling,5,mistralai/Mistral-7B-Instruct-v0.3,0.1,0.9,True,1.1,270.042053,200
63,0.5503355704697986,0.2711864406779661,0.08868237973999515,0.6557995,0.74528265,0.6976836,0.1839080459770115,0.8606734,0.9815239310264587,0.4,1.0,0.9640063217677575,0.99999999998,1.0,research,llm_params,512,100,multi-qa-mpnet-base-dot-v1,low_temp_tight_sampling,5,mistralai/Mistral-7B-Instruct-v0.3,0.1,0.9,True,1.1,270.042053,200
76,0.883495145631068,0.22,0.0525423267007944,0.63890916,0.635032,0.6369647,0.11267605633802817,0.79360443,0.96661776304245,0.28571428571428575,1.0,0.9232893649001225,0.99999999998,1.0,research,llm_params,512,100,multi-qa-mpnet-base-dot-v1,low_temp_tight_sampling,5,mistralai/Mistral-7B-Instruct-v0.3,0.1,0.9,True,1.1,270.042053,200
87,0.7363636363636363,0.38541666666666663,0.13194189508447246,0.6903715,0.71825814,0.7040388,0.29508196721311475,0.7808005,0.9819405674934387,0.8,0.7777777777777778,1.0,0.6595238095106191,0.8,research,llm_params,512,100,multi-qa-mpnet-base-dot-v1,low_temp_tight_sampling,5,mistralai/Mistral-7B-Instruct-v0.3,0.1,0.9,True,1.1,270.042053,200
92,0.5763888888888888,0.3247863247863248,0.13977058583751556,0.63730824,0.741081,0.6852883,0.1686746987951807,0.6955657,0.9771140217781067,0.0,1.0,0.9944395838992289,0.5666666666525,1.0,research,llm_params,512,100,multi-qa-mpnet-base-dot-v1,low_temp_tight_sampling,5,mistralai/Mistral-7B-Instruct-v0.3,0.1,0.9,True,1.1,270.042053,200
95,0.8214285714285714,0.24528301886792453,0.13681276370478437,0.6055021,0.6639347,0.63337356,0.15714285714285714,0.6794715,0.9593505263328552,0.0,1.0,1.0,0.8874999999778125,0.3333333333333333,research,llm_params,512,100,multi-qa-mpnet-base-dot-v1,low_temp_tight_sampling,5,mistralai/Mistral-7B-Instruct-v0.3,0.1,0.9,True,1.1,270.042053,200
103,0.7647058823529411,0.4768211920529801,0.26745633330026575,0.79758716,0.7646452,0.7807689,0.36538461538461536,0.883069,0.9846585988998413,0.6666666666666666,1.0,0.9830040152131538,0.9166666666361111,0.75,research,llm_params,512,100,multi-qa-mpnet-base-dot-v1,low_temp_tight_sampling,5,mistralai/Mistral-7B-Instruct-v0.3,0.1,0.9,True,1.1,270.042053,200
110,1.0,0.26794258373205737,0.15421018991256744,0.58275056,0.59973323,0.59111995,0.1791044776119403,0.74032223,0.9663105607032776,0.28571428571428575,0.5714285714285714,0.8342883711692796,0.7961904761745524,0.75,research,llm_params,512,100,multi-qa-mpnet-base-dot-v1,low_temp_tight_sampling,5,mistralai/Mistral-7B-Instruct-v0.3,0.1,0.9,True,1.1,270.042053,200
0,0.7659574468085106,0.2558139534883721,0.06623780611943768,0.73105586,0.6891396,0.7094792,0.17142857142857143,0.8777724,0.933509111404419,0.5,0.5,0.8805984442399175,0.94999999997625,1.0,marketing,llm_params,512,100,multi-qa-mpnet-base-dot-v1,low_temp_moderate_sampling,5,mistralai/Mistral-7B-Instruct-v0.3,0.2,0.9,True,1.1,163.721351,200
7,0.5384615384615384,0.5777777777777777,0.3641410562218426,0.7177063,0.83789694,0.7731585,0.38461538461538464,0.9213369,0.888812243938446,0.0,0.3333333333333333,0.9398413405169762,0.99999999995,1.0,marketing,llm_params,512,100,multi-qa-mpnet-base-dot-v1,low_temp_moderate_sampling,5,mistralai/Mistral-7B-Instruct-v0.3,0.2,0.9,True,1.1,163.721351,200
11,0.29411764705882354,0.0,0.0,0.5517005,0.6514907,0.5974574,0.0,0.3308341,0.7824169397354126,0.0,1.0,0.9650858672356096,0.5333333333155555,1.0,marketing,llm_params,512,100,multi-qa-mpnet-base-dot-v1,low_temp_moderate_sampling,5,mistralai/Mistral-7B-Instruct-v0.3,0.2,0.9,True,1.1,163.721351,200
19,0.7454545454545455,0.1834862385321101,0.0,0.5580565,0.62612224,0.5901332,0.09375,0.6832478,0.9189078211784363,0.0,0.0,0.9732786071501832,0.6791666666496875,0.0,marketing,llm_params,512,100,multi-qa-mpnet-base-dot-v1,low_temp_moderate_sampling,5,mistralai/Mistral-7B-Instruct-v0.3,0.2,0.9,True,1.1,163.721351,200
27,0.6875,0.2456140350877193,0.08032915292474029,0.6818075,0.7388059,0.7091632,0.13043478260869565,0.8708539,0.9137077927589417,0.0,0.5,0.9572148372323012,0.99999999998,1.0,marketing,llm_params,512,100,multi-qa-mpnet-base-dot-v1,low_temp_moderate_sampling,5,mistralai/Mistral-7B-Instruct-v0.3,0.2,0.9,True,1.1,163.721351,200
28,0.85,0.1842105263157895,0.0,0.69831705,0.71821445,0.70812595,0.125,0.79041463,0.954932451248169,0.0,1.0,0.9056605682269915,0.99999999998,1.0,marketing,llm_params,512,100,multi-qa-mpnet-base-dot-v1,low_temp_moderate_sampling,5,mistralai/Mistral-7B-Instruct-v0.3,0.2,0.9,True,1.1,163.721351,200
33,0.6521739130434783,0.5121951219512195,0.14765466683680697,0.79968375,0.6404396,0.71125734,0.35294117647058826,0.9356038,0.9566649794578552,1.0,0.6666666666666666,0.9760353732951574,0.99999999998,1.0,marketing,llm_params,512,100,multi-qa-mpnet-base-dot-v1,low_temp_moderate_sampling,5,mistralai/Mistral-7B-Instruct-v0.3,0.2,0.9,True,1.1,163.721351,200
53,0.9473684210526315,0.18181818181818182,0.0,0.7003503,0.6904944,0.6953874,0.09090909090909091,0.68238467,0.9441744089126587,0.0,0.6,0.8973216090462294,0.99999999998,1.0,marketing,llm_params,512,100,multi-qa-mpnet-base-dot-v1,low_temp_moderate_sampling,5,mistralai/Mistral-7B-Instruct-v0.3,0.2,0.9,True,1.1,163.721351,200
63,0.5428571428571428,0.3214285714285714,0.07540462763121732,0.66953135,0.7400438,0.7030239,0.21951219512195122,0.94318384,0.9753373265266418,0.0,0.5,0.9628551684286589,0.99999999998,1.0,marketing,llm_params,512,100,multi-qa-mpnet-base-dot-v1,low_temp_moderate_sampling,5,mistralai/Mistral-7B-Instruct-v0.3,0.2,0.9,True,1.1,163.721351,200
76,0.7647058823529411,0.276595744680851,0.1582794047904804,0.6656228,0.7137657,0.6888541,0.10810810810810811,0.76351064,0.9496067762374878,0.0,0.2,0.932228328310348,0.6388888888675925,1.0,marketing,llm_params,512,100,multi-qa-mpnet-base-dot-v1,low_temp_moderate_sampling,5,mistralai/Mistral-7B-Instruct-v0.3,0.2,0.9,True,1.1,163.721351,200
87,0.2698412698412698,0.19753086419753085,0.0680078526970897,0.5662303,0.78250533,0.65702754,0.16129032258064516,0.83817625,0.9328100681304932,0.6666666666666666,0.9,0.9666372025005072,0.49999999995,1.0,marketing,llm_params,512,100,multi-qa-mpnet-base-dot-v1,low_temp_moderate_sampling,5,mistralai/Mistral-7B-Instruct-v0.3,0.2,0.9,True,1.1,163.721351,200
92,0.5405405405405406,0.38016528925619836,0.0,0.7654361,0.6966265,0.72941214,0.13953488372093023,0.63210964,0.9621363282203674,0.0,0.8333333333333334,0.849645547447888,0.5961904761785524,0.8333333333333334,marketing,llm_params,512,100,multi-qa-mpnet-base-dot-v1,low_temp_moderate_sampling,5,mistralai/Mistral-7B-Instruct-v0.3,0.2,0.9,True,1.1,163.721351,200
95,0.94,0.2376237623762376,0.10921823441095127,0.6489265,0.6615466,0.6551758,0.11363636363636363,0.53112096,0.9668576121330261,0.0,0.6666666666666666,0.8783909145738779,0.8874999999778125,0.6666666666666666,marketing,llm_params,512,100,multi-qa-mpnet-base-dot-v1,low_temp_moderate_sampling,5,mistralai/Mistral-7B-Instruct-v0.3,0.2,0.9,True,1.1,163.721351,200
103,0.5,0.5384615384615384,0.11794509341030292,0.75387406,0.8740201,0.80951345,0.34285714285714286,0.902943,0.9777573943138123,0.0,0.5,0.9830040152131531,0.999999999975,1.0,marketing,llm_params,512,100,multi-qa-mpnet-base-dot-v1,low_temp_moderate_sampling,5,mistralai/Mistral-7B-Instruct-v0.3,0.2,0.9,True,1.1,163.721351,200
110,0.9821428571428571,0.25225225225225223,0.0,0.66708434,0.65833753,0.6626821,0.09302325581395349,0.85980695,0.9541721343994141,0.0,0.5,0.978319569453857,0.7961904761745524,1.0,marketing,llm_params,512,100,multi-qa-mpnet-base-dot-v1,low_temp_moderate_sampling,5,mistralai/Mistral-7B-Instruct-v0.3,0.2,0.9,True,1.1,163.721351,200
0,0.9072164948453608,0.30927835051546393,0.13406998889995575,0.69339836,0.70519185,0.6992454,0.23728813559322035,0.7013514,0.9818859100341797,0.0,1.0,0.8781510279644161,0.94999999997625,1.0,research,llm_params,512,100,multi-qa-mpnet-base-dot-v1,low_temp_moderate_sampling,5,mistralai/Mistral-7B-Instruct-v0.3,0.2,0.9,True,1.1,275.300658,200
7,0.7252747252747253,0.3121387283236995,0.13875024700233993,0.63699996,0.6620136,0.6492659,0.125,0.7767657,0.9346668720245361,0.0,0.25,0.9346087687135753,0.99999999998,0.25,research,llm_params,512,100,multi-qa-mpnet-base-dot-v1,low_temp_moderate_sampling,5,mistralai/Mistral-7B-Instruct-v0.3,0.2,0.9,True,1.1,275.300658,200
11,0.625,0.22660098522167488,0.0,0.54809916,0.6265354,0.5846985,0.11864406779661017,0.61865187,0.9629002213478088,0.4,0.8888888888888888,0.9715810818462495,0.9999999999833333,1.0,research,llm_params,512,100,multi-qa-mpnet-base-dot-v1,low_temp_moderate_sampling,5,mistralai/Mistral-7B-Instruct-v0.3,0.2,0.9,True,1.1,275.300658,200
19,0.7425742574257426,0.1875,0.046853219125576155,0.580148,0.6525346,0.6142159,0.07692307692307693,0.56659204,0.95026695728302,0.0,0.3333333333333333,0.0,0.5833333333041666,1.0,research,llm_params,512,100,multi-qa-mpnet-base-dot-v1,low_temp_moderate_sampling,5,mistralai/Mistral-7B-Instruct-v0.3,0.2,0.9,True,1.1,275.300658,200
27,0.8571428571428571,0.34090909090909094,0.23973707904477776,0.68287086,0.68601346,0.6844385,0.24,0.8362871,0.979914665222168,0.28571428571428575,1.0,1.0,0.99999999998,0.25,research,llm_params,512,100,multi-qa-mpnet-base-dot-v1,low_temp_moderate_sampling,5,mistralai/Mistral-7B-Instruct-v0.3,0.2,0.9,True,1.1,275.300658,200
28,0.782608695652174,0.2823529411764706,0.18135229845042658,0.63769317,0.6531515,0.6453298,0.19642857142857142,0.7938188,0.9792669415473938,0.8,0.8571428571428571,0.918035436755328,0.99999999998,0.6666666666666666,research,llm_params,512,100,multi-qa-mpnet-base-dot-v1,low_temp_moderate_sampling,5,mistralai/Mistral-7B-Instruct-v0.3,0.2,0.9,True,1.1,275.300658,200
33,0.9714285714285714,0.37209302325581395,0.22891997507793851,0.6851578,0.6844463,0.6848018,0.2037037037037037,0.8270337,0.9847894310951233,0.0,1.0,0.9705731496515645,0.99999999998,0.75,research,llm_params,512,100,multi-qa-mpnet-base-dot-v1,low_temp_moderate_sampling,5,mistralai/Mistral-7B-Instruct-v0.3,0.2,0.9,True,1.1,275.300658,200
53,0.75,0.19689119170984457,0.058022339099551366,0.6219514,0.64278156,0.63219494,0.15151515151515152,0.5642529,0.961593747138977,0.0,0.8333333333333334,0.8373114984642404,0.99999999998,1.0,research,llm_params,512,100,multi-qa-mpnet-base-dot-v1,low_temp_moderate_sampling,5,mistralai/Mistral-7B-Instruct-v0.3,0.2,0.9,True,1.1,275.300658,200
63,0.5616438356164384,0.2735042735042735,0.0898014556408653,0.65840065,0.7474346,0.7000983,0.19047619047619047,0.86244047,0.9815727472305298,0.4,0.9,0.9640063217677575,0.99999999998,1.0,research,llm_params,512,100,multi-qa-mpnet-base-dot-v1,low_temp_moderate_sampling,5,mistralai/Mistral-7B-Instruct-v0.3,0.2,0.9,True,1.1,275.300658,200
76,0.7711864406779662,0.23148148148148145,0.08196154471503747,0.65332174,0.65404534,0.6536833,0.1111111111111111,0.8006273,0.9744253754615784,0.28571428571428575,0.5714285714285714,0.9232893649001234,0.99999999998,1.0,research,llm_params,512,100,multi-qa-mpnet-base-dot-v1,low_temp_moderate_sampling,5,mistralai/Mistral-7B-Instruct-v0.3,0.2,0.9,True,1.1,275.300658,200
87,0.6183206106870229,0.32863849765258213,0.105120742936783,0.66798264,0.7142041,0.69032055,0.2361111111111111,0.7313055,0.9804133772850037,0.4,0.8333333333333334,1.0,0.6595238095106191,0.6,research,llm_params,512,100,multi-qa-mpnet-base-dot-v1,low_temp_moderate_sampling,5,mistralai/Mistral-7B-Instruct-v0.3,0.2,0.9,True,1.1,275.300658,200
92,0.6287878787878788,0.3063063063063063,0.15044578279918477,0.67043483,0.73866975,0.7029002,0.2898550724637681,0.8830695,0.9818872213363647,0.4,0.8888888888888888,0.9572297437306977,0.5666666666525,1.0,research,llm_params,512,100,multi-qa-mpnet-base-dot-v1,low_temp_moderate_sampling,5,mistralai/Mistral-7B-Instruct-v0.3,0.2,0.9,True,1.1,275.300658,200
95,0.8214285714285714,0.24528301886792453,0.13681276370478437,0.6055021,0.6639347,0.63337356,0.15714285714285714,0.6794715,0.9593505263328552,0.0,1.0,1.0,0.8874999999778125,1.0,research,llm_params,512,100,multi-qa-mpnet-base-dot-v1,low_temp_moderate_sampling,5,mistralai/Mistral-7B-Instruct-v0.3,0.2,0.9,True,1.1,275.300658,200
103,0.7647058823529411,0.4768211920529801,0.26745633330026575,0.7975872,0.7646452,0.7807689,0.36538461538461536,0.883069,0.9846585988998413,0.6666666666666666,1.0,0.9830040152131538,0.999999999975,1.0,research,llm_params,512,100,multi-qa-mpnet-base-dot-v1,low_temp_moderate_sampling,5,mistralai/Mistral-7B-Instruct-v0.3,0.2,0.9,True,1.1,275.300658,200
110,0.9313725490196079,0.24752475247524752,0.14475325521938562,0.5620885,0.57715106,0.5695202,0.16923076923076924,0.7276804,0.9650323390960693,0.3333333333333333,0.875,0.9810093098107235,0.9150793650641138,0.75,research,llm_params,512,100,multi-qa-mpnet-base-dot-v1,low_temp_moderate_sampling,5,mistralai/Mistral-7B-Instruct-v0.3,0.2,0.9,True,1.1,275.300658,200
0,0.7446808510638298,0.25882352941176473,0.06598462788625158,0.73383355,0.68841434,0.71039873,0.17647058823529413,0.87653494,0.9312601089477539,0.5,0.5,0.8993526359534012,0.94999999997625,1.0,marketing,llm_params,512,100,multi-qa-mpnet-base-dot-v1,medium_temp_balanced,5,mistralai/Mistral-7B-Instruct-v0.3,0.3,0.9,True,1.1,164.035072,200
7,0.6666666666666666,0.65,0.44903323241491255,0.74786526,0.84999526,0.79566634,0.5,0.93952715,0.932625949382782,1.0,0.5,0.9380068508909326,0.99999999995,1.0,marketing,llm_params,512,100,multi-qa-mpnet-base-dot-v1,medium_temp_balanced,5,mistralai/Mistral-7B-Instruct-v0.3,0.3,0.9,True,1.1,164.035072,200
11,0.2857142857142857,0.0,0.0,0.5570513,0.6374953,0.5945647,0.0,0.33606172,0.7854929566383362,0.0,0.75,0.9649641323823991,0.5333333333155555,1.0,marketing,llm_params,512,100,multi-qa-mpnet-base-dot-v1,medium_temp_balanced,5,mistralai/Mistral-7B-Instruct-v0.3,0.3,0.9,True,1.1,164.035072,200
19,0.7592592592592593,0.169811320754717,0.0,0.5959767,0.6450459,0.6195412,0.08571428571428572,0.7026297,0.9442324042320251,0.0,0.0,0.9768916176749247,0.5888888888692593,0.0,marketing,llm_params,512,100,multi-qa-mpnet-base-dot-v1,medium_temp_balanced,5,mistralai/Mistral-7B-Instruct-v0.3,0.3,0.9,True,1.1,164.035072,200
27,0.6875,0.2807017543859649,0.08579833140151862,0.6908794,0.77070427,0.72861207,0.09090909090909091,0.8746455,0.9305530190467834,0.0,0.75,0.9113106168620458,0.99999999998,1.0,marketing,llm_params,512,100,multi-qa-mpnet-base-dot-v1,medium_temp_balanced,5,mistralai/Mistral-7B-Instruct-v0.3,0.3,0.9,True,1.1,164.035072,200
28,0.8717948717948718,0.29333333333333333,0.11561678083663278,0.6855954,0.69468826,0.6901119,0.16129032258064516,0.7769825,0.9557997584342957,0.0,0.6666666666666666,0.8472849352396222,0.99999999998,1.0,marketing,llm_params,512,100,multi-qa-mpnet-base-dot-v1,medium_temp_balanced,5,mistralai/Mistral-7B-Instruct-v0.3,0.3,0.9,True,1.1,164.035072,200
33,0.6521739130434783,0.5121951219512195,0.14910956829800256,0.80899537,0.6466131,0.71874684,0.375,0.9363762,0.9585840106010437,1.0,1.0,0.9760353732951572,0.99999999998,1.0,marketing,llm_params,512,100,multi-qa-mpnet-base-dot-v1,medium_temp_balanced,5,mistralai/Mistral-7B-Instruct-v0.3,0.3,0.9,True,1.1,164.035072,200
53,0.6206896551724138,0.21782178217821785,0.08406616228888657,0.6646064,0.7073747,0.6853239,0.1388888888888889,0.7273032,0.9506011605262756,0.0,0.5,0.8951050254651136,0.99999999998,1.0,marketing,llm_params,512,100,multi-qa-mpnet-base-dot-v1,medium_temp_balanced,5,mistralai/Mistral-7B-Instruct-v0.3,0.3,0.9,True,1.1,164.035072,200
63,0.4935064935064935,0.4406779661016949,0.15043251621945375,0.68783784,0.807241,0.74277145,0.30952380952380953,0.92382157,0.9816140532493591,0.0,0.6,0.9620836144066534,0.99999999998,1.0,marketing,llm_params,512,100,multi-qa-mpnet-base-dot-v1,medium_temp_balanced,5,mistralai/Mistral-7B-Instruct-v0.3,0.3,0.9,True,1.1,164.035072,200
76,0.65,0.23300970873786406,0.0,0.64469707,0.70155406,0.67192495,0.14634146341463414,0.8417566,0.9557727575302124,0.0,0.6666666666666666,0.9280922909813977,0.5888888888692593,1.0,marketing,llm_params,512,100,multi-qa-mpnet-base-dot-v1,medium_temp_balanced,5,mistralai/Mistral-7B-Instruct-v0.3,0.3,0.9,True,1.1,164.035072,200
87,0.20481927710843373,0.13999999999999999,0.0,0.5473345,0.776362,0.64203495,0.125,0.8320693,0.9417837262153625,0.5,0.8,0.9094721736719982,0.249999999975,1.0,marketing,llm_params,512,100,multi-qa-mpnet-base-dot-v1,medium_temp_balanced,5,mistralai/Mistral-7B-Instruct-v0.3,0.3,0.9,True,1.1,164.035072,200
92,0.5540540540540541,0.3934426229508197,0.0,0.7693571,0.695152,0.7303746,0.09523809523809523,0.63618445,0.9706751108169556,0.0,0.7142857142857143,0.9276489881523069,0.5666666666525,0.7777777777777778,marketing,llm_params,512,100,multi-qa-mpnet-base-dot-v1,medium_temp_balanced,5,mistralai/Mistral-7B-Instruct-v0.3,0.3,0.9,True,1.1,164.035072,200
95,0.9215686274509803,0.2376237623762376,0.11444132075555219,0.64864486,0.6651416,0.65678966,0.1111111111111111,0.5137658,0.9643474817276001,0.0,0.6666666666666666,0.8806201788221522,0.6999999999766667,0.6666666666666666,marketing,llm_params,512,100,multi-qa-mpnet-base-dot-v1,medium_temp_balanced,5,mistralai/Mistral-7B-Instruct-v0.3,0.3,0.9,True,1.1,164.035072,200
103,0.5531914893617021,0.5753424657534246,0.13274037064207733,0.7719783,0.88388157,0.8241487,0.3870967741935484,0.9168258,0.9753745198249817,0.0,0.5,0.9830040152131538,0.999999999975,1.0,marketing,llm_params,512,100,multi-qa-mpnet-base-dot-v1,medium_temp_balanced,5,mistralai/Mistral-7B-Instruct-v0.3,0.3,0.9,True,1.1,164.035072,200
110,0.7678571428571429,0.30303030303030304,0.0,0.6774818,0.63549787,0.6558185,0.1388888888888889,0.81676733,0.9579412341117859,0.0,0.25,0.9783162890529837,0.7961904761745524,1.0,marketing,llm_params,512,100,multi-qa-mpnet-base-dot-v1,medium_temp_balanced,5,mistralai/Mistral-7B-Instruct-v0.3,0.3,0.9,True,1.1,164.035072,200
0,0.8977272727272727,0.29714285714285715,0.12557734631304515,0.6957207,0.6842158,0.6899203,0.24528301886792453,0.68601084,0.9794231653213501,0.0,1.0,0.8969937295426172,0.94999999997625,1.0,research,llm_params,512,100,multi-qa-mpnet-base-dot-v1,medium_temp_balanced,5,mistralai/Mistral-7B-Instruct-v0.3,0.3,0.9,True,1.1,268.942948,200
7,0.8461538461538461,0.3,0.14694202861737327,0.642414,0.6569345,0.6495931,0.11666666666666667,0.7637623,0.9468644857406616,0.0,0.5,0.9425240011173279,0.99999999998,0.5,research,llm_params,512,100,multi-qa-mpnet-base-dot-v1,medium_temp_balanced,5,mistralai/Mistral-7B-Instruct-v0.3,0.3,0.9,True,1.1,268.942948,200
11,0.7731958762886598,0.20000000000000004,0.0,0.56779474,0.61578107,0.59081507,0.09259259259259259,0.65065694,0.9334074258804321,0.0,1.0,0.9542604384897668,0.8766666666491334,1.0,research,llm_params,512,100,multi-qa-mpnet-base-dot-v1,medium_temp_balanced,5,mistralai/Mistral-7B-Instruct-v0.3,0.3,0.9,True,1.1,268.942948,200
19,0.8333333333333334,0.19565217391304346,0.044638851515763044,0.56424797,0.65344125,0.60557795,0.047619047619047616,0.66491616,0.9323821067810059,0.0,0.6,0.9732989426183365,0.6791666666496875,1.0,research,llm_params,512,100,multi-qa-mpnet-base-dot-v1,medium_temp_balanced,5,mistralai/Mistral-7B-Instruct-v0.3,0.3,0.9,True,1.1,268.942948,200
27,0.978494623655914,0.3125,0.19863750445230433,0.72307384,0.7119234,0.71745527,0.25,0.82599175,0.9839038848876953,0.3333333333333333,0.8571428571428571,0.9999987772028508,0.99999999998,0.25,research,llm_params,512,100,multi-qa-mpnet-base-dot-v1,medium_temp_balanced,5,mistralai/Mistral-7B-Instruct-v0.3,0.3,0.9,True,1.1,268.942948,200
28,0.8571428571428571,0.2981366459627329,0.19700784872617488,0.6537782,0.65494716,0.65436214,0.2,0.8074566,0.9784666299819946,0.8,0.8571428571428571,0.9707410751740101,0.99999999998,0.3333333333333333,research,llm_params,512,100,multi-qa-mpnet-base-dot-v1,medium_temp_balanced,5,mistralai/Mistral-7B-Instruct-v0.3,0.3,0.9,True,1.1,268.942948,200
33,0.8947368421052632,0.36842105263157887,0.26031522379309935,0.67975056,0.6993443,0.68940824,0.15254237288135594,0.7685561,0.9881314635276794,0.0,1.0,0.9687014932567842,0.99999999998,0.75,research,llm_params,512,100,multi-qa-mpnet-base-dot-v1,medium_temp_balanced,5,mistralai/Mistral-7B-Instruct-v0.3,0.3,0.9,True,1.1,268.942948,200
53,0.9512195121951219,0.3012048192771084,0.1871559275435987,0.67365676,0.64734805,0.6602404,0.15,0.6489111,0.9753001928329468,0.0,0.5,0.8562692515169874,0.99999999998,1.0,research,llm_params,512,100,multi-qa-mpnet-base-dot-v1,medium_temp_balanced,5,mistralai/Mistral-7B-Instruct-v0.3,0.3,0.9,True,1.1,268.942948,200
63,0.5815602836879432,0.5454545454545454,0.3005307757341882,0.7078358,0.8081004,0.7546524,0.3870967741935484,0.91802,0.9912368059158325,0.5,0.8571428571428571,0.9640063217677578,0.99999999998,1.0,research,llm_params,512,100,multi-qa-mpnet-base-dot-v1,medium_temp_balanced,5,mistralai/Mistral-7B-Instruct-v0.3,0.3,0.9,True,1.1,268.942948,200
76,0.8348623853211009,0.2524271844660194,0.06312851058111628,0.66781664,0.6758798,0.67182404,0.16923076923076924,0.8124009,0.9749182462692261,0.28571428571428575,0.14285714285714285,0.9279506589204134,0.99999999998,1.0,research,llm_params,512,100,multi-qa-mpnet-base-dot-v1,medium_temp_balanced,5,mistralai/Mistral-7B-Instruct-v0.3,0.3,0.9,True,1.1,268.942948,200
87,0.8181818181818182,0.34065934065934067,0.11304816918034484,0.6873684,0.7195307,0.7030819,0.2,0.81352746,0.9787420034408569,0.28571428571428575,0.8571428571428571,1.0,0.7345238095115675,0.8,research,llm_params,512,100,multi-qa-mpnet-base-dot-v1,medium_temp_balanced,5,mistralai/Mistral-7B-Instruct-v0.3,0.3,0.9,True,1.1,268.942948,200
92,0.6384615384615384,0.33333333333333326,0.13121545719526959,0.6484977,0.7329286,0.68813294,0.17567567567567569,0.78021187,0.9837562441825867,0.0,0.875,0.9944395838992287,0.5666666666525,1.0,research,llm_params,512,100,multi-qa-mpnet-base-dot-v1,medium_temp_balanced,5,mistralai/Mistral-7B-Instruct-v0.3,0.3,0.9,True,1.1,268.942948,200
95,0.8214285714285714,0.24528301886792453,0.13681276370478437,0.6055021,0.6639347,0.63337356,0.15714285714285714,0.6794715,0.9593505263328552,0.0,1.0,1.0,0.99999999998,1.0,research,llm_params,512,100,multi-qa-mpnet-base-dot-v1,medium_temp_balanced,5,mistralai/Mistral-7B-Instruct-v0.3,0.3,0.9,True,1.1,268.942948,200
103,0.8673469387755102,0.4324324324324324,0.3269158388747065,0.7589562,0.774936,0.7668629,0.38596491228070173,0.87613463,0.9895934462547302,0.5714285714285715,0.8,0.9830040152131538,0.999999999975,1.0,research,llm_params,512,100,multi-qa-mpnet-base-dot-v1,medium_temp_balanced,5,mistralai/Mistral-7B-Instruct-v0.3,0.3,0.9,True,1.1,268.942948,200
110,0.7669172932330827,0.24166666666666667,0.12839761691841986,0.55403805,0.59133327,0.57207847,0.17105263157894737,0.71712995,0.9702175855636597,0.2,0.875,0.8495750205161049,0.9150793650641138,0.75,research,llm_params,512,100,multi-qa-mpnet-base-dot-v1,medium_temp_balanced,5,mistralai/Mistral-7B-Instruct-v0.3,0.3,0.9,True,1.1,268.942948,200
0,0.8297872340425532,0.22222222222222224,0.06411024862082704,0.7183151,0.6741415,0.6955276,0.1282051282051282,0.81750625,0.9459394216537476,0.5,0.75,0.9034809952735409,0.94999999997625,1.0,marketing,llm_params,512,100,multi-qa-mpnet-base-dot-v1,medium_temp_higher_rep_pen,5,mistralai/Mistral-7B-Instruct-v0.3,0.3,0.9,True,1.2,168.843576,200
7,0.3181818181818182,0.3513513513513513,0.10457995018881569,0.5288105,0.8132184,0.6408781,0.29411764705882354,0.8480817,0.8941588997840881,0.0,0.5,0.9289370445859026,0.9166666666361111,1.0,marketing,llm_params,512,100,multi-qa-mpnet-base-dot-v1,medium_temp_higher_rep_pen,5,mistralai/Mistral-7B-Instruct-v0.3,0.3,0.9,True,1.2,168.843576,200
11,0.29411764705882354,0.0,0.0,0.5517005,0.6514907,0.5974574,0.0,0.33083406,0.7824169397354126,0.0,1.0,0.9650452889512066,0.5333333333155555,1.0,marketing,llm_params,512,100,multi-qa-mpnet-base-dot-v1,medium_temp_higher_rep_pen,5,mistralai/Mistral-7B-Instruct-v0.3,0.3,0.9,True,1.2,168.843576,200
19,0.8913043478260869,0.14285714285714285,0.04790174605882468,0.5831325,0.65849584,0.61852694,0.058823529411764705,0.6523437,0.8929538726806641,0.0,0.0,0.9801044693801946,0.49999999995,0.0,marketing,llm_params,512,100,multi-qa-mpnet-base-dot-v1,medium_temp_higher_rep_pen,5,mistralai/Mistral-7B-Instruct-v0.3,0.3,0.9,True,1.2,168.843576,200
27,0.5116279069767442,0.23188405797101452,0.06134227411504095,0.6577164,0.7334308,0.6935132,0.12,0.7922411,0.9193060994148254,0.0,0.6,0.8930697337690071,0.99999999998,1.0,marketing,llm_params,512,100,multi-qa-mpnet-base-dot-v1,medium_temp_higher_rep_pen,5,mistralai/Mistral-7B-Instruct-v0.3,0.3,0.9,True,1.2,168.843576,200
28,0.8823529411764706,0.21212121212121215,0.0,0.72203803,0.72796744,0.72499055,0.14285714285714285,0.744738,0.9444108605384827,0.0,1.0,0.8684448336024467,0.99999999998,1.0,marketing,llm_params,512,100,multi-qa-mpnet-base-dot-v1,medium_temp_higher_rep_pen,5,mistralai/Mistral-7B-Instruct-v0.3,0.3,0.9,True,1.2,168.843576,200
33,0.9347826086956522,0.3578947368421052,0.10956623861072728,0.70788836,0.6273815,0.6652079,0.1724137931034483,0.87809217,0.9304494261741638,0.0,0.6666666666666666,0.9662481134521808,0.99999999998,1.0,marketing,llm_params,512,100,multi-qa-mpnet-base-dot-v1,medium_temp_higher_rep_pen,5,mistralai/Mistral-7B-Instruct-v0.3,0.3,0.9,True,1.2,168.843576,200
53,0.9473684210526315,0.33333333333333337,0.17876583624739026,0.72642374,0.7269845,0.72670406,0.12121212121212122,0.6865618,0.952342689037323,0.0,0.5,0.9098929196943604,0.99999999998,1.0,marketing,llm_params,512,100,multi-qa-mpnet-base-dot-v1,medium_temp_higher_rep_pen,5,mistralai/Mistral-7B-Instruct-v0.3,0.3,0.9,True,1.2,168.843576,200
63,0.5135135135135135,0.3508771929824562,0.07975762301469269,0.6819088,0.77802575,0.7268033,0.18,0.93309987,0.979189395904541,0.0,0.5,0.9573160597637586,0.99999999998,1.0,marketing,llm_params,512,100,multi-qa-mpnet-base-dot-v1,medium_temp_higher_rep_pen,5,mistralai/Mistral-7B-Instruct-v0.3,0.3,0.9,True,1.2,168.843576,200
76,0.5571428571428572,0.18018018018018017,0.0,0.60306394,0.6603483,0.63040745,0.1,0.74822986,0.941695511341095,0.0,0.8571428571428571,0.8847738364977537,0.6388888888675925,1.0,marketing,llm_params,512,100,multi-qa-mpnet-base-dot-v1,medium_temp_higher_rep_pen,5,mistralai/Mistral-7B-Instruct-v0.3,0.3,0.9,True,1.2,168.843576,200
87,0.23943661971830985,0.1348314606741573,0.044585866696163635,0.54638225,0.76263344,0.6366453,0.125,0.8038939,0.9293835759162903,0.0,0.75,0.9541718344454778,0.249999999975,1.0,marketing,llm_params,512,100,multi-qa-mpnet-base-dot-v1,medium_temp_higher_rep_pen,5,mistralai/Mistral-7B-Instruct-v0.3,0.3,0.9,True,1.2,168.843576,200
92,0.6756756756756757,0.2878787878787879,0.0,0.74033624,0.68666685,0.7124923,0.10869565217391304,0.59580016,0.96711266040802,0.0,1.0,0.9259076341234405,0.5666666666525,0.7777777777777778,marketing,llm_params,512,100,multi-qa-mpnet-base-dot-v1,medium_temp_higher_rep_pen,5,mistralai/Mistral-7B-Instruct-v0.3,0.3,0.9,True,1.2,168.843576,200
95,0.9591836734693877,0.12244897959183673,0.0,0.6137829,0.6412319,0.6272072,0.038461538461538464,0.6453341,0.9618280529975891,0.0,1.0,0.9088043178496151,0.8874999999778125,0.6666666666666666,marketing,llm_params,512,100,multi-qa-mpnet-base-dot-v1,medium_temp_higher_rep_pen,5,mistralai/Mistral-7B-Instruct-v0.3,0.3,0.9,True,1.2,168.843576,200
103,0.896551724137931,0.32727272727272727,0.14817181525563355,0.7694986,0.776193,0.7728313,0.2413793103448276,0.85979676,0.9492244720458984,0.0,0.3333333333333333,0.9582558012950148,0.999999999975,1.0,marketing,llm_params,512,100,multi-qa-mpnet-base-dot-v1,medium_temp_higher_rep_pen,5,mistralai/Mistral-7B-Instruct-v0.3,0.3,0.9,True,1.2,168.843576,200
110,0.7857142857142857,0.32,0.05918519912790931,0.68990487,0.6449446,0.6666676,0.12195121951219512,0.8593165,0.9534240365028381,0.0,0.4,0.978319569453857,0.7678571428379464,1.0,marketing,llm_params,512,100,multi-qa-mpnet-base-dot-v1,medium_temp_higher_rep_pen,5,mistralai/Mistral-7B-Instruct-v0.3,0.3,0.9,True,1.2,168.843576,200
0,0.75,0.2732919254658385,0.11091478295986194,0.7161896,0.6668638,0.6906471,0.16666666666666666,0.69562364,0.9745543599128723,0.0,1.0,0.9287081857504534,0.94999999997625,1.0,research,llm_params,512,100,multi-qa-mpnet-base-dot-v1,medium_temp_higher_rep_pen,5,mistralai/Mistral-7B-Instruct-v0.3,0.3,0.9,True,1.2,250.825227,200
7,0.5824175824175825,0.2875,0.0914243929619649,0.61072147,0.6411576,0.6255695,0.09836065573770492,0.77764153,0.9357383847236633,0.0,0.4,0.9450585675240087,0.99999999998,0.5,research,llm_params,512,100,multi-qa-mpnet-base-dot-v1,medium_temp_higher_rep_pen,5,mistralai/Mistral-7B-Instruct-v0.3,0.3,0.9,True,1.2,250.825227,200
11,0.5555555555555556,0.23148148148148148,0.08900263871219778,0.5816231,0.66080654,0.61869156,0.125,0.65478045,0.9699097871780396,0.4,1.0,0.9447882226185567,0.9999999999833333,1.0,research,llm_params,512,100,multi-qa-mpnet-base-dot-v1,medium_temp_higher_rep_pen,5,mistralai/Mistral-7B-Instruct-v0.3,0.3,0.9,True,1.2,250.825227,200
19,0.8426966292134831,0.15469613259668508,0.039077055027654115,0.5459386,0.62714356,0.58373046,0.05970149253731343,0.45073223,0.9067181944847107,0.0,0.4444444444444444,0.9797328602505782,0.5888888888692593,0.6666666666666666,research,llm_params,512,100,multi-qa-mpnet-base-dot-v1,medium_temp_higher_rep_pen,5,mistralai/Mistral-7B-Instruct-v0.3,0.3,0.9,True,1.2,250.825227,200
27,0.6483516483516484,0.21935483870967745,0.0514598990055112,0.70691335,0.6633508,0.68443966,0.10344827586206896,0.91263545,0.9814895987510681,0.0,0.7142857142857143,0.9386192683894953,0.99999999998,0.75,research,llm_params,512,100,multi-qa-mpnet-base-dot-v1,medium_temp_higher_rep_pen,5,mistralai/Mistral-7B-Instruct-v0.3,0.3,0.9,True,1.2,250.825227,200
28,0.9027777777777778,0.326241134751773,0.21237395185992067,0.70839626,0.6828742,0.69540113,0.2037037037037037,0.85235906,0.9788185954093933,0.8,0.6,0.9638317430837722,0.99999999998,0.3333333333333333,research,llm_params,512,100,multi-qa-mpnet-base-dot-v1,medium_temp_higher_rep_pen,5,mistralai/Mistral-7B-Instruct-v0.3,0.3,0.9,True,1.2,250.825227,200
33,0.803921568627451,0.37948717948717947,0.21643428977615783,0.6686196,0.66221535,0.6654021,0.1836734693877551,0.78708404,0.9774555563926697,0.0,0.6666666666666666,0.977614282439455,0.99999999998,0.75,research,llm_params,512,100,multi-qa-mpnet-base-dot-v1,medium_temp_higher_rep_pen,5,mistralai/Mistral-7B-Instruct-v0.3,0.3,0.9,True,1.2,250.825227,200
53,0.7647058823529411,0.3036649214659686,0.13973022005339467,0.62827873,0.6451489,0.63660204,0.12698412698412698,0.68027353,0.9693771600723267,0.0,1.0,0.8344950936990593,0.99999999998,1.0,research,llm_params,512,100,multi-qa-mpnet-base-dot-v1,medium_temp_higher_rep_pen,5,mistralai/Mistral-7B-Instruct-v0.3,0.3,0.9,True,1.2,250.825227,200
63,0.7387387387387387,0.2613065326633166,0.07997212030685552,0.6642587,0.7193083,0.6906883,0.17391304347826086,0.8275317,0.978293240070343,0.4,0.8333333333333334,0.9554354770172225,0.99999999998,1.0,research,llm_params,512,100,multi-qa-mpnet-base-dot-v1,medium_temp_higher_rep_pen,5,mistralai/Mistral-7B-Instruct-v0.3,0.3,0.9,True,1.2,250.825227,200
76,0.8425925925925926,0.1650485436893204,0.0,0.5785848,0.6019206,0.590022,0.09090909090909091,0.7081311,0.9676404595375061,0.0,0.25,0.9232893649001225,0.99999999998,1.0,research,llm_params,512,100,multi-qa-mpnet-base-dot-v1,medium_temp_higher_rep_pen,5,mistralai/Mistral-7B-Instruct-v0.3,0.3,0.9,True,1.2,250.825227,200
87,0.7570093457943925,0.37037037037037035,0.07519952973454927,0.69675934,0.72698694,0.7115522,0.15942028985507245,0.7968643,0.9827812910079956,0.0,1.0,0.9919953153465029,0.6595238095106191,0.8,research,llm_params,512,100,multi-qa-mpnet-base-dot-v1,medium_temp_higher_rep_pen,5,mistralai/Mistral-7B-Instruct-v0.3,0.3,0.9,True,1.2,250.825227,200
92,0.6194029850746269,0.31718061674008813,0.117142185608937,0.6195263,0.7219242,0.6668171,0.1518987341772152,0.8176863,0.9741454720497131,0.0,0.8181818181818182,0.9944395838992289,0.5666666666525,1.0,research,llm_params,512,100,multi-qa-mpnet-base-dot-v1,medium_temp_higher_rep_pen,5,mistralai/Mistral-7B-Instruct-v0.3,0.3,0.9,True,1.2,250.825227,200
95,0.9891304347826086,0.2962962962962962,0.17320804838363404,0.6232543,0.66917896,0.6454007,0.15384615384615385,0.7045313,0.9654887914657593,0.0,0.6,1.0,0.99999999998,1.0,research,llm_params,512,100,multi-qa-mpnet-base-dot-v1,medium_temp_higher_rep_pen,5,mistralai/Mistral-7B-Instruct-v0.3,0.3,0.9,True,1.2,250.825227,200
103,0.9882352941176471,0.42105263157894735,0.30034869554666427,0.727226,0.73511785,0.73115057,0.3508771929824561,0.8416383,0.9854652285575867,0.6666666666666666,0.6666666666666666,0.9620805481088319,0.999999999975,1.0,research,llm_params,512,100,multi-qa-mpnet-base-dot-v1,medium_temp_higher_rep_pen,5,mistralai/Mistral-7B-Instruct-v0.3,0.3,0.9,True,1.2,250.825227,200
110,0.7745098039215687,0.19565217391304346,0.0,0.59215635,0.58360016,0.5878472,0.09722222222222222,0.6874273,0.9654255509376526,0.0,0.6666666666666666,0.9602755732825682,0.8761904761729524,0.75,research,llm_params,512,100,multi-qa-mpnet-base-dot-v1,medium_temp_higher_rep_pen,5,mistralai/Mistral-7B-Instruct-v0.3,0.3,0.9,True,1.2,250.825227,200
0,0.7446808510638298,0.25882352941176473,0.0648562697059863,0.73004806,0.6817645,0.7050806,0.14285714285714285,0.8329617,0.9294065237045288,0.5,0.6666666666666666,0.8993526359534013,0.94999999997625,1.0,marketing,llm_params,512,100,multi-qa-mpnet-base-dot-v1,low_temp_wide_nucleus,5,mistralai/Mistral-7B-Instruct-v0.3,0.2,0.95,True,1.1,167.964102,200
7,0.35,0.40624999999999994,0.1363914756033864,0.58242583,0.81983244,0.6810323,0.26666666666666666,0.87552524,0.889220118522644,0.0,0.6666666666666666,0.9399907522182097,0.9166666666361111,1.0,marketing,llm_params,512,100,multi-qa-mpnet-base-dot-v1,low_temp_wide_nucleus,5,mistralai/Mistral-7B-Instruct-v0.3,0.2,0.95,True,1.1,167.964102,200
11,0.2702702702702703,0.0,0.0,0.54765195,0.6417986,0.5909994,0.0,0.33557656,0.776847779750824,0.0,1.0,0.9337723670879874,0.5333333333155555,1.0,marketing,llm_params,512,100,multi-qa-mpnet-base-dot-v1,low_temp_wide_nucleus,5,mistralai/Mistral-7B-Instruct-v0.3,0.2,0.95,True,1.1,167.964102,200
19,1.0,0.19565217391304346,0.0,0.600029,0.6369456,0.61793643,0.1,0.6196408,0.9275199770927429,0.0,0.0,0.9668973633899525,0.6791666666496875,0.0,marketing,llm_params,512,100,multi-qa-mpnet-base-dot-v1,low_temp_wide_nucleus,5,mistralai/Mistral-7B-Instruct-v0.3,0.2,0.95,True,1.1,167.964102,200
27,0.5945945945945946,0.22580645161290325,0.06874614919231697,0.6318057,0.6894289,0.6593607,0.08333333333333333,0.80743134,0.8914327025413513,0.0,0.5,0.919726495747608,0.99999999998,1.0,marketing,llm_params,512,100,multi-qa-mpnet-base-dot-v1,low_temp_wide_nucleus,5,mistralai/Mistral-7B-Instruct-v0.3,0.2,0.95,True,1.1,167.964102,200
28,0.9444444444444444,0.19444444444444445,0.0,0.70499444,0.70704985,0.70602065,0.14285714285714285,0.77354467,0.9523884057998657,0.0,1.0,0.8949064399182914,0.99999999998,1.0,marketing,llm_params,512,100,multi-qa-mpnet-base-dot-v1,low_temp_wide_nucleus,5,mistralai/Mistral-7B-Instruct-v0.3,0.2,0.95,True,1.1,167.964102,200
33,0.6739130434782609,0.5060240963855421,0.15150618172734656,0.80230844,0.6528364,0.7198955,0.3333333333333333,0.94226694,0.9559418559074402,1.0,0.5,0.9951388536950969,0.99999999998,1.0,marketing,llm_params,512,100,multi-qa-mpnet-base-dot-v1,low_temp_wide_nucleus,5,mistralai/Mistral-7B-Instruct-v0.3,0.2,0.95,True,1.1,167.964102,200
53,0.972972972972973,0.20512820512820515,0.0,0.70425004,0.69375026,0.6989607,0.06060606060606061,0.7099138,0.9468351006507874,0.0,0.6666666666666666,0.9034941278108494,0.99999999998,1.0,marketing,llm_params,512,100,multi-qa-mpnet-base-dot-v1,low_temp_wide_nucleus,5,mistralai/Mistral-7B-Instruct-v0.3,0.2,0.95,True,1.1,167.964102,200
63,0.5205479452054794,0.4424778761061947,0.16829500360881666,0.6902789,0.8045145,0.7430316,0.2857142857142857,0.94552994,0.9803426265716553,0.0,0.5714285714285714,0.9623407990806552,0.99999999998,1.0,marketing,llm_params,512,100,multi-qa-mpnet-base-dot-v1,low_temp_wide_nucleus,5,mistralai/Mistral-7B-Instruct-v0.3,0.2,0.95,True,1.1,167.964102,200
76,0.6,0.2201834862385321,0.0,0.6302918,0.70114124,0.6638315,0.13157894736842105,0.7856104,0.952592670917511,0.0,0.5,0.9300742907940455,0.6791666666496875,1.0,marketing,llm_params,512,100,multi-qa-mpnet-base-dot-v1,low_temp_wide_nucleus,5,mistralai/Mistral-7B-Instruct-v0.3,0.2,0.95,True,1.1,167.964102,200
87,0.2463768115942029,0.16279069767441862,0.07183089958205156,0.56531733,0.8001811,0.6625511,0.13513513513513514,0.8456761,0.9386938214302063,0.0,0.75,0.9541718344454778,0.249999999975,1.0,marketing,llm_params,512,100,multi-qa-mpnet-base-dot-v1,low_temp_wide_nucleus,5,mistralai/Mistral-7B-Instruct-v0.3,0.2,0.95,True,1.1,167.964102,200
92,0.6216216216216216,0.3125,0.0,0.73907954,0.69168293,0.71459615,0.11363636363636363,0.5915538,0.9667423963546753,0.0,0.5555555555555556,0.9242081275043835,0.5666666666525,0.7777777777777778,marketing,llm_params,512,100,multi-qa-mpnet-base-dot-v1,low_temp_wide_nucleus,5,mistralai/Mistral-7B-Instruct-v0.3,0.2,0.95,True,1.1,167.964102,200
95,0.9574468085106383,0.2653061224489796,0.1234454792821073,0.65179664,0.6778573,0.6645715,0.11363636363636363,0.69201505,0.960434079170227,0.0,0.8,0.8922302047704144,0.8874999999778125,0.6666666666666666,marketing,llm_params,512,100,multi-qa-mpnet-base-dot-v1,low_temp_wide_nucleus,5,mistralai/Mistral-7B-Instruct-v0.3,0.2,0.95,True,1.1,167.964102,200
103,0.37681159420289856,0.4210526315789474,0.0824752704664517,0.68224305,0.85969555,0.7607584,0.3076923076923077,0.8883717,0.9562517404556274,0.0,0.8,0.9830040152131538,0.999999999975,1.0,marketing,llm_params,512,100,multi-qa-mpnet-base-dot-v1,low_temp_wide_nucleus,5,mistralai/Mistral-7B-Instruct-v0.3,0.2,0.95,True,1.1,167.964102,200
110,0.9464285714285714,0.25688073394495414,0.0,0.68806064,0.6594258,0.6734389,0.09523809523809523,0.85376143,0.9564681053161621,0.0,0.5,0.9783195694538566,0.7961904761745524,1.0,marketing,llm_params,512,100,multi-qa-mpnet-base-dot-v1,low_temp_wide_nucleus,5,mistralai/Mistral-7B-Instruct-v0.3,0.2,0.95,True,1.1,167.964102,200
0,0.88,0.26666666666666666,0.13012759274912236,0.6425383,0.6619276,0.6520888,0.2033898305084746,0.65647995,0.9737453460693359,0.0,1.0,0.9170049492972029,0.94999999997625,1.0,research,llm_params,512,100,multi-qa-mpnet-base-dot-v1,low_temp_wide_nucleus,5,mistralai/Mistral-7B-Instruct-v0.3,0.2,0.95,True,1.1,277.67123,200
7,0.7252747252747253,0.3352601156069364,0.1416753640247273,0.6328507,0.6647345,0.64840084,0.13793103448275862,0.7905628,0.9415160417556763,0.0,0.8,0.9381684326334073,0.99999999998,0.25,research,llm_params,512,100,multi-qa-mpnet-base-dot-v1,low_temp_wide_nucleus,5,mistralai/Mistral-7B-Instruct-v0.3,0.2,0.95,True,1.1,277.67123,200
11,0.7211538461538461,0.22459893048128343,0.0,0.57227576,0.62291694,0.5965235,0.10344827586206896,0.57142246,0.959143877029419,0.4,1.0,0.9715810818462506,0.8766666666491334,1.0,research,llm_params,512,100,multi-qa-mpnet-base-dot-v1,low_temp_wide_nucleus,5,mistralai/Mistral-7B-Instruct-v0.3,0.2,0.95,True,1.1,277.67123,200
19,0.7653061224489796,0.15625000000000003,0.03882811631956585,0.5560896,0.629364,0.59046215,0.0847457627118644,0.51336044,0.9392803907394409,0.0,0.0,0.7691628332351091,0.6388888888675925,0.6666666666666666,research,llm_params,512,100,multi-qa-mpnet-base-dot-v1,low_temp_wide_nucleus,5,mistralai/Mistral-7B-Instruct-v0.3,0.2,0.95,True,1.1,277.67123,200
27,0.8241758241758241,0.28735632183908044,0.19267487283625598,0.71529883,0.6937717,0.70437086,0.22,0.86264455,0.9825723171234131,0.3333333333333333,1.0,0.9999999999999999,0.99999999998,0.25,research,llm_params,512,100,multi-qa-mpnet-base-dot-v1,low_temp_wide_nucleus,5,mistralai/Mistral-7B-Instruct-v0.3,0.2,0.95,True,1.1,277.67123,200
28,0.8275862068965517,0.2619047619047619,0.1785315065195941,0.59831023,0.63565016,0.6164152,0.2,0.7944308,0.9814649820327759,0.5714285714285715,1.0,1.0000000000000002,0.99999999998,0.3333333333333333,research,llm_params,512,100,multi-qa-mpnet-base-dot-v1,low_temp_wide_nucleus,5,mistralai/Mistral-7B-Instruct-v0.3,0.2,0.95,True,1.1,277.67123,200
33,0.9411764705882353,0.3762376237623762,0.28597869116443264,0.6796379,0.67435014,0.6769837,0.1836734693877551,0.83789665,0.9710612893104553,0.0,1.0,0.9687014932567837,0.99999999998,0.75,research,llm_params,512,100,multi-qa-mpnet-base-dot-v1,low_temp_wide_nucleus,5,mistralai/Mistral-7B-Instruct-v0.3,0.2,0.95,True,1.1,277.67123,200
53,0.7289719626168224,0.24615384615384617,0.08975023482695924,0.6286315,0.64018416,0.63435525,0.15625,0.6850257,0.9741905927658081,0.0,0.5,0.8811565089770075,0.99999999998,1.0,research,llm_params,512,100,multi-qa-mpnet-base-dot-v1,low_temp_wide_nucleus,5,mistralai/Mistral-7B-Instruct-v0.3,0.2,0.95,True,1.1,277.67123,200
63,0.5815602836879432,0.2521739130434782,0.07929339938070641,0.64547807,0.73146784,0.6857879,0.1686746987951807,0.8306138,0.9848315715789795,0.33333333333333337,1.0,0.9640063217677575,0.99999999998,1.0,research,llm_params,512,100,multi-qa-mpnet-base-dot-v1,low_temp_wide_nucleus,5,mistralai/Mistral-7B-Instruct-v0.3,0.2,0.95,True,1.1,277.67123,200
76,0.6594202898550725,0.2033898305084746,0.0,0.5895165,0.6211804,0.6049344,0.10144927536231885,0.75505674,0.96415776014328,0.0,0.75,0.9436993508652877,0.99999999998,1.0,research,llm_params,512,100,multi-qa-mpnet-base-dot-v1,low_temp_wide_nucleus,5,mistralai/Mistral-7B-Instruct-v0.3,0.2,0.95,True,1.1,277.67123,200
87,0.6639344262295082,0.34951456310679613,0.13049957327012476,0.6645774,0.72352797,0.69280094,0.2153846153846154,0.7783935,0.9763543605804443,0.5,0.9,1.0,0.7345238095115675,0.8,research,llm_params,512,100,multi-qa-mpnet-base-dot-v1,low_temp_wide_nucleus,5,mistralai/Mistral-7B-Instruct-v0.3,0.2,0.95,True,1.1,277.67123,200
92,0.5971223021582733,0.354978354978355,0.16498094510000946,0.636863,0.7440982,0.686317,0.1875,0.7197051,0.974510908126831,0.0,0.9,0.9944395838992289,0.5666666666525,1.0,research,llm_params,512,100,multi-qa-mpnet-base-dot-v1,low_temp_wide_nucleus,5,mistralai/Mistral-7B-Instruct-v0.3,0.2,0.95,True,1.1,277.67123,200
95,0.8214285714285714,0.24528301886792453,0.13681276370478437,0.6055021,0.6639347,0.63337356,0.15714285714285714,0.6794715,0.9593505263328552,0.0,1.0,0.9999934399839326,0.99999999998,1.0,research,llm_params,512,100,multi-qa-mpnet-base-dot-v1,low_temp_wide_nucleus,5,mistralai/Mistral-7B-Instruct-v0.3,0.2,0.95,True,1.1,277.67123,200
103,0.9882352941176471,0.43930635838150295,0.39229946572645863,0.7679016,0.78661895,0.77714753,0.4074074074074074,0.8665155,0.9874482154846191,0.6666666666666666,0.5,0.9830040152131538,0.999999999975,1.0,research,llm_params,512,100,multi-qa-mpnet-base-dot-v1,low_temp_wide_nucleus,5,mistralai/Mistral-7B-Instruct-v0.3,0.2,0.95,True,1.1,277.67123,200
110,0.9622641509433962,0.2523364485981308,0.14367376164236903,0.5710386,0.605209,0.5876275,0.1643835616438356,0.7306296,0.9702206254005432,0.3333333333333333,0.625,0.9810093098107235,0.9150793650641138,0.75,research,llm_params,512,100,multi-qa-mpnet-base-dot-v1,low_temp_wide_nucleus,5,mistralai/Mistral-7B-Instruct-v0.3,0.2,0.95,True,1.1,277.67123,200
0,0.7446808510638298,0.25882352941176473,0.06598462788625158,0.7382963,0.68593556,0.71115345,0.17647058823529413,0.8756496,0.9374833703041077,0.5,0.6666666666666666,0.8993526359534012,0.94999999997625,1.0,marketing,llm_params,512,100,multi-qa-mpnet-base-dot-v1,low_temp_concise,5,mistralai/Mistral-7B-Instruct-v0.3,0.2,0.9,True,1.1,161.725082,300
7,0.5833333333333334,0.6046511627906976,0.39392661757434155,0.71929234,0.82908344,0.7702953,0.4166666666666667,0.9251046,0.9000632762908936,0.0,0.3333333333333333,0.9398413405169762,0.9166666666361111,1.0,marketing,llm_params,512,100,multi-qa-mpnet-base-dot-v1,low_temp_concise,5,mistralai/Mistral-7B-Instruct-v0.3,0.2,0.9,True,1.1,161.725082,300
11,0.29411764705882354,0.0,0.0,0.5517005,0.6514907,0.5974574,0.0,0.33083406,0.7824169397354126,0.0,1.0,0.9650747687340586,0.5333333333155555,1.0,marketing,llm_params,512,100,multi-qa-mpnet-base-dot-v1,low_temp_concise,5,mistralai/Mistral-7B-Instruct-v0.3,0.2,0.9,True,1.1,161.725082,300
19,0.7735849056603774,0.1904761904761905,0.0,0.58137786,0.63029885,0.60485077,0.09375,0.6640222,0.9337484836578369,0.0,0.0,0.9732786071501832,0.6388888888675925,0.0,marketing,llm_params,512,100,multi-qa-mpnet-base-dot-v1,low_temp_concise,5,mistralai/Mistral-7B-Instruct-v0.3,0.2,0.9,True,1.1,161.725082,300
27,0.6666666666666666,0.20689655172413793,0.07628670307350822,0.6394156,0.69215393,0.6647404,0.125,0.7396921,0.8820323348045349,0.0,0.5,0.9371927154114248,0.99999999998,1.0,marketing,llm_params,512,100,multi-qa-mpnet-base-dot-v1,low_temp_concise,5,mistralai/Mistral-7B-Instruct-v0.3,0.2,0.9,True,1.1,161.725082,300
28,0.8823529411764706,0.21212121212121215,0.0,0.71922433,0.71649486,0.717857,0.10714285714285714,0.7466047,0.9443856477737427,0.0,1.0,0.8684063612842032,0.99999999998,1.0,marketing,llm_params,512,100,multi-qa-mpnet-base-dot-v1,low_temp_concise,5,mistralai/Mistral-7B-Instruct-v0.3,0.2,0.9,True,1.1,161.725082,300
33,0.8695652173913043,0.5217391304347826,0.18720139401077418,0.79911554,0.68750566,0.739121,0.3157894736842105,0.9429584,0.959675669670105,0.0,0.3333333333333333,0.9951287247346653,0.99999999998,1.0,marketing,llm_params,512,100,multi-qa-mpnet-base-dot-v1,low_temp_concise,5,mistralai/Mistral-7B-Instruct-v0.3,0.2,0.9,True,1.1,161.725082,300
53,0.6,0.23762376237623764,0.0,0.6386073,0.6830463,0.6600797,0.0975609756097561,0.59600544,0.9490881562232971,0.0,0.8,0.8544203907628334,0.99999999998,1.0,marketing,llm_params,512,100,multi-qa-mpnet-base-dot-v1,low_temp_concise,5,mistralai/Mistral-7B-Instruct-v0.3,0.2,0.9,True,1.1,161.725082,300
63,0.6333333333333333,0.47524752475247517,0.21314374889124557,0.7070411,0.7988235,0.7501352,0.3333333333333333,0.9438849,0.9825663566589355,0.0,0.5714285714285714,0.9388382256602195,0.99999999998,1.0,marketing,llm_params,512,100,multi-qa-mpnet-base-dot-v1,low_temp_concise,5,mistralai/Mistral-7B-Instruct-v0.3,0.2,0.9,True,1.1,161.725082,300
76,0.4936708860759494,0.2479338842975207,0.10288144603284347,0.6211832,0.72613317,0.6695706,0.10416666666666667,0.7657473,0.9521339535713196,0.0,0.5,0.0,0.6388888888675925,1.0,marketing,llm_params,512,100,multi-qa-mpnet-base-dot-v1,low_temp_concise,5,mistralai/Mistral-7B-Instruct-v0.3,0.2,0.9,True,1.1,161.725082,300
87,0.2833333333333333,0.1818181818181818,0.054271764391516396,0.58091515,0.77219415,0.6630348,0.16129032258064516,0.84746027,0.9468393325805664,0.0,1.0,0.9541718344454778,0.499999999975,1.0,marketing,llm_params,512,100,multi-qa-mpnet-base-dot-v1,low_temp_concise,5,mistralai/Mistral-7B-Instruct-v0.3,0.2,0.9,True,1.1,161.725082,300
92,0.5675675675675675,0.40650406504065045,0.0,0.7662655,0.69695646,0.72996944,0.09302325581395349,0.6322446,0.9670470356941223,0.0,0.7142857142857143,0.9276489881523069,0.5666666666525,0.7777777777777778,marketing,llm_params,512,100,multi-qa-mpnet-base-dot-v1,low_temp_concise,5,mistralai/Mistral-7B-Instruct-v0.3,0.2,0.9,True,1.1,161.725082,300
95,0.94,0.2376237623762376,0.1089191401353215,0.6435243,0.6596948,0.6515092,0.11627906976744186,0.50855446,0.9629133343696594,0.0,0.6666666666666666,0.8838381757603105,0.8874999999778125,0.6666666666666666,marketing,llm_params,512,100,multi-qa-mpnet-base-dot-v1,low_temp_concise,5,mistralai/Mistral-7B-Instruct-v0.3,0.2,0.9,True,1.1,161.725082,300
103,0.7027027027027027,0.6349206349206349,0.16830642188500944,0.8135386,0.8871697,0.8487602,0.4444444444444444,0.93743753,0.984886109828949,0.0,0.6666666666666666,0.9830040152131538,0.999999999975,1.0,marketing,llm_params,512,100,multi-qa-mpnet-base-dot-v1,low_temp_concise,5,mistralai/Mistral-7B-Instruct-v0.3,0.2,0.9,True,1.1,161.725082,300
110,0.7678571428571429,0.30303030303030304,0.06061237261808067,0.67691493,0.64302135,0.65953296,0.13157894736842105,0.854337,0.9539079070091248,0.0,0.4,0.978319569453857,0.7961904761745524,1.0,marketing,llm_params,512,100,multi-qa-mpnet-base-dot-v1,low_temp_concise,5,mistralai/Mistral-7B-Instruct-v0.3,0.2,0.9,True,1.1,161.725082,300
0,0.8148148148148148,0.351219512195122,0.13639258069022797,0.69338644,0.71027005,0.7017267,0.2033898305084746,0.70928526,0.978739321231842,0.0,1.0,0.9461617770110613,0.94999999997625,0.3333333333333333,research,llm_params,512,100,multi-qa-mpnet-base-dot-v1,low_temp_concise,5,mistralai/Mistral-7B-Instruct-v0.3,0.2,0.9,True,1.1,287.628034,300
7,0.7252747252747253,0.3121387283236995,0.13875024700233993,0.636314,0.661947,0.6488775,0.125,0.77794385,0.9349985122680664,0.0,0.25,0.9425819592253819,0.99999999998,0.25,research,llm_params,512,100,multi-qa-mpnet-base-dot-v1,low_temp_concise,5,mistralai/Mistral-7B-Instruct-v0.3,0.2,0.9,True,1.1,287.628034,300
11,0.6944444444444444,0.2094240837696335,0.05045319201750326,0.574494,0.6443672,0.60742784,0.09836065573770492,0.6404041,0.945498526096344,0.5,0.6153846153846154,0.945236269333032,0.8766666666491334,1.0,research,llm_params,512,100,multi-qa-mpnet-base-dot-v1,low_temp_concise,5,mistralai/Mistral-7B-Instruct-v0.3,0.2,0.9,True,1.1,287.628034,300
19,0.6048387096774194,0.18181818181818182,0.03688310591485961,0.5512898,0.65396404,0.59825355,0.08108108108108109,0.6349251,0.9482983350753784,0.4,0.1111111111111111,0.0,0.6791666666496875,0.6666666666666666,research,llm_params,512,100,multi-qa-mpnet-base-dot-v1,low_temp_concise,5,mistralai/Mistral-7B-Instruct-v0.3,0.2,0.9,True,1.1,287.628034,300
27,0.8131868131868132,0.29069767441860467,0.18891436923654012,0.701872,0.6849866,0.69332653,0.22,0.84447944,0.9821119904518127,0.3333333333333333,1.0,1.0,0.99999999998,0.25,research,llm_params,512,100,multi-qa-mpnet-base-dot-v1,low_temp_concise,5,mistralai/Mistral-7B-Instruct-v0.3,0.2,0.9,True,1.1,287.628034,300
28,0.8571428571428571,0.2857142857142857,0.19265341196064403,0.6428866,0.65952945,0.65110165,0.19642857142857142,0.80900395,0.9799900054931641,0.5714285714285715,0.8333333333333334,0.9999986515568393,0.99999999998,0.3333333333333333,research,llm_params,512,100,multi-qa-mpnet-base-dot-v1,low_temp_concise,5,mistralai/Mistral-7B-Instruct-v0.3,0.2,0.9,True,1.1,287.628034,300
33,0.9807692307692307,0.3813953488372093,0.24799493616968257,0.7017689,0.68635046,0.693974,0.2692307692307692,0.80997443,0.9848017692565918,0.0,1.0,0.9687014932567842,0.99999999998,0.75,research,llm_params,512,100,multi-qa-mpnet-base-dot-v1,low_temp_concise,5,mistralai/Mistral-7B-Instruct-v0.3,0.2,0.9,True,1.1,287.628034,300
53,0.609375,0.3069767441860465,0.14184979728501362,0.64812577,0.675586,0.6615711,0.16216216216216217,0.6346642,0.9773616194725037,0.0,0.875,0.8555973367230999,0.99999999998,1.0,research,llm_params,512,100,multi-qa-mpnet-base-dot-v1,low_temp_concise,5,mistralai/Mistral-7B-Instruct-v0.3,0.2,0.9,True,1.1,287.628034,300
63,0.4939759036144578,0.3464566929133858,0.17473225525643102,0.667214,0.7801829,0.71928984,0.23170731707317074,0.87730193,0.9843006134033203,0.33333333333333337,0.9,0.9620836144066534,0.99999999998,1.0,research,llm_params,512,100,multi-qa-mpnet-base-dot-v1,low_temp_concise,5,mistralai/Mistral-7B-Instruct-v0.3,0.2,0.9,True,1.1,287.628034,300
76,0.674074074074074,0.19827586206896555,0.0,0.6114328,0.6467236,0.62858325,0.125,0.8059459,0.9697354435920715,0.2222222222222222,0.7142857142857143,0.9232893649001225,0.99999999998,1.0,research,llm_params,512,100,multi-qa-mpnet-base-dot-v1,low_temp_concise,5,mistralai/Mistral-7B-Instruct-v0.3,0.2,0.9,True,1.1,287.628034,300
87,0.9204545454545454,0.39999999999999997,0.1333409335448104,0.72327244,0.72563285,0.7244507,0.2542372881355932,0.8170707,0.986457347869873,0.6666666666666666,1.0,0.9999983130214675,0.7345238095115675,0.6,research,llm_params,512,100,multi-qa-mpnet-base-dot-v1,low_temp_concise,5,mistralai/Mistral-7B-Instruct-v0.3,0.2,0.9,True,1.1,287.628034,300
92,0.5724137931034483,0.33333333333333326,0.14378722134473537,0.6467567,0.7462014,0.6929293,0.1566265060240964,0.7562541,0.977421224117279,0.0,1.0,0.9944395838992287,0.5666666666525,1.0,research,llm_params,512,100,multi-qa-mpnet-base-dot-v1,low_temp_concise,5,mistralai/Mistral-7B-Instruct-v0.3,0.2,0.9,True,1.1,287.628034,300
95,0.6524822695035462,0.22406639004149378,0.10966309768276504,0.5820885,0.65671533,0.61715406,0.1518987341772152,0.6859125,0.9576886296272278,0.0,0.8,1.0,0.8874999999778125,1.0,research,llm_params,512,100,multi-qa-mpnet-base-dot-v1,low_temp_concise,5,mistralai/Mistral-7B-Instruct-v0.3,0.2,0.9,True,1.1,287.628034,300
103,0.9176470588235294,0.5,0.3106766096232096,0.760815,0.76065135,0.7607332,0.34545454545454546,0.8988632,0.9883591532707214,0.7058823529411765,0.8333333333333334,0.9830040152131531,0.999999999975,1.0,research,llm_params,512,100,multi-qa-mpnet-base-dot-v1,low_temp_concise,5,mistralai/Mistral-7B-Instruct-v0.3,0.2,0.9,True,1.1,287.628034,300
110,0.7846153846153846,0.2869198312236287,0.15258183259892252,0.5954375,0.63910013,0.61649674,0.20833333333333334,0.7409749,0.9770898818969727,0.28571428571428575,0.5555555555555556,0.9809757282567909,0.7961904761745524,0.75,research,llm_params,512,100,multi-qa-mpnet-base-dot-v1,low_temp_concise,5,mistralai/Mistral-7B-Instruct-v0.3,0.2,0.9,True,1.1,287.628034,300
