question_num,length_score,rouge_l_score,bleu_score,bert_score_precision,bert_score_recall,bert_score_f1,jaccard_score,cosine_similarity,cosine_similarity_spacy,spacy_score,ragas_score_faithfulness,ragas_score_answer_relevancy,ragas_score_context_precision,ragas_score_context_recall,mds,audience_type,experiment_name,chunksize,chunkoverlap,embedding_model,config_name,num_retrieve,llm_name,llm_temp,llm_top_p,llm_do_sample,llm_repetition_penalty,inference_time
0,0.7966101694915254,0.30630630630630634,0.06732787891364103,0.7108633,0.7569472,0.73318183,0.15217391304347827,0.8383609,0.968360424041748,0.6666666666666666,0.75,0.8970529347446524,0.6968253968114603,0.5,0.7623269224360718,marketing,embeddings_mds,512,100,multi-qa-distilbert-cos-v1,optimal,5,mistralai/Mistral-7B-Instruct-v0.3,0.6,0.95,True,1.2,0.0
7,0.25,0.15584415584415584,0.04352470084375888,0.52776134,0.67146647,0.5910037,0.12,0.7416552,0.8671998381614685,0.0,0.5,0.0,0.249999999975,1.0,3.999999996923185e-10,marketing,embeddings_mds,512,100,multi-qa-distilbert-cos-v1,optimal,5,mistralai/Mistral-7B-Instruct-v0.3,0.6,0.95,True,1.2,0.0
11,0.23255813953488372,0.07547169811320754,0.0,0.5251096,0.65228605,0.58182937,0.0,0.30185306,0.8139280676841736,0.0,0.0,0.9689968929873186,0.7555555555303703,0.0,3.9999999983703023e-10,marketing,embeddings_mds,512,100,multi-qa-distilbert-cos-v1,optimal,5,mistralai/Mistral-7B-Instruct-v0.3,0.6,0.95,True,1.2,0.0
19,0.82,0.16842105263157894,0.06081988435538784,0.63117844,0.6346451,0.632907,0.05,0.49848914,0.9356428980827332,0.0,0.0,0.8999334626287281,0.5833333333041666,0.5,3.9999999982378046e-10,marketing,embeddings_mds,512,100,multi-qa-distilbert-cos-v1,optimal,5,mistralai/Mistral-7B-Instruct-v0.3,0.6,0.95,True,1.2,0.0
27,0.4074074074074074,0.2784810126582279,0.07774353802951435,0.6308504,0.77513146,0.69558793,0.14285714285714285,0.7645383,0.8929513096809387,0.0,0.6,0.9708922148418011,0.99999999998,1.0,0.7790771181595196,marketing,embeddings_mds,512,100,multi-qa-distilbert-cos-v1,optimal,5,mistralai/Mistral-7B-Instruct-v0.3,0.6,0.95,True,1.2,0.0
28,0.8095238095238095,0.35897435897435903,0.18839235203889532,0.7151022,0.7464968,0.7304624,0.1935483870967742,0.90468705,0.9660239219665527,0.5,1.0,0.9595910986898244,0.99999999998,1.0,0.9068019664338313,marketing,embeddings_mds,512,100,multi-qa-distilbert-cos-v1,optimal,5,mistralai/Mistral-7B-Instruct-v0.3,0.6,0.95,True,1.2,0.0
33,0.9583333333333334,0.44,0.19744679205588161,0.7237652,0.6510523,0.6854859,0.24,0.9066805,0.9450863003730774,0.0,0.3333333333333333,0.9891513944353935,0.99999999998,1.0,0.6182583890325002,marketing,embeddings_mds,512,100,multi-qa-distilbert-cos-v1,optimal,5,mistralai/Mistral-7B-Instruct-v0.3,0.6,0.95,True,1.2,0.0
53,0.4864864864864865,0.2807017543859649,0.09387133731439135,0.6552501,0.6999703,0.6768724,0.1590909090909091,0.7609242,0.9620811343193054,0.0,0.3333333333333333,0.9632744941409508,0.99999999998,1.0,0.6139197965887556,marketing,embeddings_mds,512,100,multi-qa-distilbert-cos-v1,optimal,5,mistralai/Mistral-7B-Instruct-v0.3,0.6,0.95,True,1.2,0.0
63,0.5588235294117647,0.2702702702702703,0.07134989920948745,0.63652533,0.77834594,0.70032793,0.19148936170212766,0.76657146,0.9684673547744751,0.0,0.8333333333333334,0.8295921374840417,0.99999999998,1.0,0.8275895040949734,marketing,embeddings_mds,512,100,multi-qa-distilbert-cos-v1,optimal,5,mistralai/Mistral-7B-Instruct-v0.3,0.6,0.95,True,1.2,0.0
76,0.5064935064935064,0.1864406779661017,0.0,0.63350964,0.7056749,0.6676479,0.10204081632653061,0.74150205,0.9540961980819702,0.0,0.5555555555555556,0.8880730159601982,0.6791666666496875,1.0,0.6784005496564623,marketing,embeddings_mds,512,100,multi-qa-distilbert-cos-v1,optimal,5,mistralai/Mistral-7B-Instruct-v0.3,0.6,0.95,True,1.2,0.0
87,0.29310344827586204,0.26666666666666666,0.12973422628377315,0.60778,0.8496809,0.7086558,0.28125,0.6129134,0.9420672655105591,0.5,0.5,0.9602918769200658,0.62499999996875,1.0,0.6608869484154158,marketing,embeddings_mds,512,100,multi-qa-distilbert-cos-v1,optimal,5,mistralai/Mistral-7B-Instruct-v0.3,0.6,0.95,True,1.2,0.0
92,0.9459459459459459,0.35761589403973504,0.0,0.70711124,0.6876277,0.6972334,0.12727272727272726,0.61037827,0.9678224921226501,0.0,0.9230769230769231,0.8540460432320981,0.7095238095060713,0.5,0.7846419907271934,marketing,embeddings_mds,512,100,multi-qa-distilbert-cos-v1,optimal,5,mistralai/Mistral-7B-Instruct-v0.3,0.6,0.95,True,1.2,0.0
95,0.734375,0.15789473684210525,0.0,0.5788703,0.64488226,0.61009586,0.038461538461538464,0.5521225,0.958931028842926,0.0,0.6,0.8657640849660376,0.8874999999778125,0.6666666666666666,0.7158755945314655,marketing,embeddings_mds,512,100,multi-qa-distilbert-cos-v1,optimal,5,mistralai/Mistral-7B-Instruct-v0.3,0.6,0.95,True,1.2,0.0
103,0.5777777777777777,0.4225352112676057,0.0,0.71340317,0.8158299,0.76118636,0.24242424242424243,0.8468946,0.9633020162582397,0.0,0.75,0.9433127953567592,0.99999999998,1.0,0.849768242728137,marketing,embeddings_mds,512,100,multi-qa-distilbert-cos-v1,optimal,5,mistralai/Mistral-7B-Instruct-v0.3,0.6,0.95,True,1.2,0.0
110,0.8392857142857143,0.2524271844660194,0.18194308434054784,0.69464153,0.66588074,0.67995715,0.15789473684210525,0.9108939,0.9637662768363953,0.0,0.25,0.9810093098107235,0.8874999999778125,1.0,0.525154932308208,marketing,embeddings_mds,512,100,multi-qa-distilbert-cos-v1,optimal,5,mistralai/Mistral-7B-Instruct-v0.3,0.6,0.95,True,1.2,0.0
0,0.8148148148148148,0.27317073170731704,0.05432651472373298,0.6762205,0.6973267,0.6866115,0.19047619047619047,0.6838914,0.9742696285247803,0.0,1.0,0.8933467500425462,0.7321428571245535,1.0,0.809443367015025,research,embeddings_mds,512,100,multi-qa-distilbert-cos-v1,optimal,5,mistralai/Mistral-7B-Instruct-v0.3,0.6,0.95,True,1.2,0.0
7,0.38461538461538464,0.16666666666666666,0.020372603449326617,0.61442876,0.5481676,0.57940996,0.09803921568627451,0.6606294,0.9485193490982056,0.0,0.0,0.0,0.99999999998,1.0,1.9999999997274105e-10,research,embeddings_mds,512,100,multi-qa-distilbert-cos-v1,optimal,5,mistralai/Mistral-7B-Instruct-v0.3,0.6,0.95,True,1.2,0.0
11,0.5769230769230769,0.1913875598086124,0.0,0.5314783,0.573109,0.5515091,0.07142857142857142,0.5715802,0.9637705683708191,0.0,0.5,0.9512895170243094,0.99999999998,1.0,0.6820803782418086,research,embeddings_mds,512,100,multi-qa-distilbert-cos-v1,optimal,5,mistralai/Mistral-7B-Instruct-v0.3,0.6,0.95,True,1.2,0.0
19,0.7894736842105263,0.12359550561797752,0.0,0.5102469,0.5484695,0.5286682,0.03389830508474576,0.46170634,0.9456664323806763,0.4,1.0,0.0,0.9999999999666667,0.6666666666666666,3.9999999984433817e-10,research,embeddings_mds,512,100,multi-qa-distilbert-cos-v1,optimal,5,mistralai/Mistral-7B-Instruct-v0.3,0.6,0.95,True,1.2,0.0
27,0.7472527472527473,0.16666666666666666,0.08995532928770522,0.65721136,0.6450795,0.6510889,0.11538461538461539,0.86575365,0.9790822267532349,0.0,0.8,0.9554761720153561,0.99999999998,0.75,0.8277311236803475,research,embeddings_mds,512,100,multi-qa-distilbert-cos-v1,optimal,5,mistralai/Mistral-7B-Instruct-v0.3,0.6,0.95,True,1.2,0.0
28,0.75,0.27428571428571424,0.13759975866628998,0.6107038,0.6599575,0.6343761,0.18333333333333332,0.8197789,0.9776529669761658,0.0,0.8333333333333334,0.0,0.99999999998,0.3333333333333333,3.9999999984894593e-10,research,embeddings_mds,512,100,multi-qa-distilbert-cos-v1,optimal,5,mistralai/Mistral-7B-Instruct-v0.3,0.6,0.95,True,1.2,0.0
33,0.9803921568627451,0.3601895734597156,0.26142455386708174,0.6463426,0.6546194,0.6504547,0.1509433962264151,0.779284,0.9741798043251038,0.0,0.6,0.9706420058592775,0.99999999998,1.0,0.7641902466848693,research,embeddings_mds,512,100,multi-qa-distilbert-cos-v1,optimal,5,mistralai/Mistral-7B-Instruct-v0.3,0.6,0.95,True,1.2,0.0
53,0.6902654867256637,0.2639593908629442,0.10328173437649554,0.59960556,0.64149153,0.61984175,0.12162162162162163,0.69183695,0.9598551392555237,0.0,0.8,0.0,0.99999999998,0.25,3.9999999984546737e-10,research,embeddings_mds,512,100,multi-qa-distilbert-cos-v1,optimal,5,mistralai/Mistral-7B-Instruct-v0.3,0.6,0.95,True,1.2,0.0
63,0.6890756302521008,0.2608695652173913,0.0995416416982976,0.67335075,0.7413541,0.70571804,0.16883116883116883,0.8326734,0.9788557887077332,0.5,0.5714285714285714,0.9554354770172223,0.99999999998,1.0,0.7672183508668567,research,embeddings_mds,512,100,multi-qa-distilbert-cos-v1,optimal,5,mistralai/Mistral-7B-Instruct-v0.3,0.6,0.95,True,1.2,0.0
76,0.8053097345132744,0.25,0.0,0.59114057,0.63023114,0.61006033,0.1267605633802817,0.7963738,0.9725124835968018,0.0,0.8571428571428571,0.9122481431276802,0.99999999998,1.0,0.8159865264182502,research,embeddings_mds,512,100,multi-qa-distilbert-cos-v1,optimal,5,mistralai/Mistral-7B-Instruct-v0.3,0.6,0.95,True,1.2,0.0
87,0.7570093457943925,0.3473684210526316,0.169425362750718,0.70868313,0.7445347,0.72616667,0.18421052631578946,0.777848,0.9821404218673706,0.28571428571428575,0.4,0.9521436295537455,0.7783333333177667,1.0,0.6438991778691702,research,embeddings_mds,512,100,multi-qa-distilbert-cos-v1,optimal,5,mistralai/Mistral-7B-Instruct-v0.3,0.6,0.95,True,1.2,0.0
92,0.7904761904761904,0.4,0.09443879298442402,0.69194406,0.7487453,0.719225,0.265625,0.839781,0.9776161313056946,0.0,0.75,0.9572297437306988,0.729523809509219,1.0,0.778337723548274,research,embeddings_mds,512,100,multi-qa-distilbert-cos-v1,optimal,5,mistralai/Mistral-7B-Instruct-v0.3,0.6,0.95,True,1.2,0.0
95,0.8288288288288288,0.2547169811320754,0.12071471563535639,0.5974192,0.63774455,0.61692363,0.13333333333333333,0.7246067,0.9684873223304749,0.0,1.0,0.9769115443207564,0.99999999998,1.0,0.8612188274789548,research,embeddings_mds,512,100,multi-qa-distilbert-cos-v1,optimal,5,mistralai/Mistral-7B-Instruct-v0.3,0.6,0.95,True,1.2,0.0
103,0.8333333333333334,0.328042328042328,0.21880258697897467,0.6917562,0.75564975,0.7222927,0.2647058823529412,0.86953974,0.9773094058036804,0.6666666666666666,0.6666666666666666,0.9620805481088319,0.94999999997625,0.75,0.8037735841911642,research,embeddings_mds,512,100,multi-qa-distilbert-cos-v1,optimal,5,mistralai/Mistral-7B-Instruct-v0.3,0.6,0.95,True,1.2,0.0
110,0.7132867132867133,0.2357723577235772,0.062431049200972165,0.6052473,0.6292691,0.61702454,0.08695652173913043,0.79489386,0.9752557873725891,0.0,0.9090909090909091,0.9633029711764847,0.99999999998,0.75,0.8405522677511604,research,embeddings_mds,512,100,multi-qa-distilbert-cos-v1,optimal,5,mistralai/Mistral-7B-Instruct-v0.3,0.6,0.95,True,1.2,0.0
0,0.9574468085106383,0.27083333333333337,0.11391097677026257,0.7508287,0.72758853,0.73902595,0.17142857142857143,0.7880998,0.9710585474967957,0.0,1.0,0.9092813198764095,0.9111111110928889,0.5,0.8790314086321993,marketing,embeddings_mds,512,100,all-mpnet-base-v2,optimal,5,mistralai/Mistral-7B-Instruct-v0.3,0.6,0.95,True,1.2,0.0
7,0.3684210526315789,0.23333333333333336,0.0,0.60025954,0.747339,0.66577303,0.3125,0.79258436,0.8510149717330933,0.0,0.16666666666666666,0.9174225337357619,0.9166666666361111,1.0,0.41309798629157135,marketing,embeddings_mds,512,100,all-mpnet-base-v2,optimal,5,mistralai/Mistral-7B-Instruct-v0.3,0.6,0.95,True,1.2,0.0
11,0.1694915254237288,0.08450704225352113,0.0,0.51651484,0.6543187,0.57730716,0.0,0.38542357,0.8154643774032593,0.0,0.3333333333333333,0.9355739488343888,0.691666666649375,0.0,0.5519657964575797,marketing,embeddings_mds,512,100,all-mpnet-base-v2,optimal,5,mistralai/Mistral-7B-Instruct-v0.3,0.6,0.95,True,1.2,0.0
19,0.8292682926829268,0.3,0.14596096934085942,0.60189474,0.5774599,0.58942413,0.15384615384615385,0.7353806,0.9543516635894775,0.0,0.0,0.0,0.499999999975,0.5,1.999999999630343e-10,marketing,embeddings_mds,512,100,all-mpnet-base-v2,optimal,5,mistralai/Mistral-7B-Instruct-v0.3,0.6,0.95,True,1.2,0.0
27,0.36666666666666664,0.18604651162790697,0.04134788202666105,0.59387445,0.7334961,0.6563421,0.1,0.887699,0.9262065291404724,0.0,1.0,0.8924051574619054,0.999999999975,0.5,0.861296221672416,marketing,embeddings_mds,512,100,all-mpnet-base-v2,optimal,5,mistralai/Mistral-7B-Instruct-v0.3,0.6,0.95,True,1.2,0.0
28,0.4722222222222222,0.34234234234234234,0.13226305485517506,0.6072606,0.71705097,0.65760475,0.21621621621621623,0.8627324,0.9672412872314453,0.6666666666666666,0.5,0.0,0.99999999998,1.0,3.999999998191732e-10,marketing,embeddings_mds,512,100,all-mpnet-base-v2,optimal,5,mistralai/Mistral-7B-Instruct-v0.3,0.6,0.95,True,1.2,0.0
33,0.8913043478260869,0.3404255319148936,0.203189727726407,0.70596415,0.7141361,0.7100267,0.22727272727272727,0.90358853,0.9672150015830994,1.0,1.0,0.9776235855155275,0.99999999998,1.0,0.9026724214908645,marketing,embeddings_mds,512,100,all-mpnet-base-v2,optimal,5,mistralai/Mistral-7B-Instruct-v0.3,0.6,0.95,True,1.2,0.0
53,0.46153846153846156,0.2711864406779661,0.10390296058126754,0.59579766,0.70465386,0.64566976,0.17391304347826086,0.6528333,0.9544299840927124,0.0,0.8,0.8061567510628188,0.8041666666465626,1.0,0.7571804993992812,marketing,embeddings_mds,512,100,all-mpnet-base-v2,optimal,5,mistralai/Mistral-7B-Instruct-v0.3,0.6,0.95,True,1.2,0.0
63,0.5,0.2905982905982906,0.10188315150580923,0.6475724,0.77489555,0.7055357,0.2,0.83296865,0.9757178425788879,0.5,0.8571428571428571,0.9620836144066532,0.99999999998,1.0,0.8651566699416272,marketing,embeddings_mds,512,100,all-mpnet-base-v2,optimal,5,mistralai/Mistral-7B-Instruct-v0.3,0.6,0.95,True,1.2,0.0
76,0.5492957746478874,0.1739130434782609,0.0,0.60252094,0.67055166,0.6347186,0.10638297872340426,0.79626644,0.9541861414909363,0.0,0.3333333333333333,0.9435551360099431,0.8666666666377778,1.0,0.5891737304917125,marketing,embeddings_mds,512,100,all-mpnet-base-v2,optimal,5,mistralai/Mistral-7B-Instruct-v0.3,0.6,0.95,True,1.2,0.0
87,0.20987654320987653,0.14285714285714285,0.0,0.52977777,0.7724501,0.6285027,0.09090909090909091,0.70400417,0.9212087988853455,0.0,0.7142857142857143,0.9082668917294426,0.8333333332916666,1.0,0.7558463275025505,marketing,embeddings_mds,512,100,all-mpnet-base-v2,optimal,5,mistralai/Mistral-7B-Instruct-v0.3,0.6,0.95,True,1.2,0.0
92,0.5135135135135135,0.43697478991596633,0.1307815169935194,0.7530119,0.6915486,0.72097266,0.14634146341463414,0.625708,0.9744196534156799,0.0,1.0,0.9944395838992292,0.729523809509219,0.5,0.8397427060492052,marketing,embeddings_mds,512,100,all-mpnet-base-v2,optimal,5,mistralai/Mistral-7B-Instruct-v0.3,0.6,0.95,True,1.2,0.0
95,0.7014925373134329,0.20512820512820512,0.081521638866923,0.62975943,0.7016764,0.6637756,0.05555555555555555,0.7195345,0.9670174717903137,0.0,0.8,0.9355851343053221,0.49999999995,0.6666666666666666,0.6866501353634392,marketing,embeddings_mds,512,100,all-mpnet-base-v2,optimal,5,mistralai/Mistral-7B-Instruct-v0.3,0.6,0.95,True,1.2,0.0
103,0.5416666666666666,0.24324324324324323,0.08191181829206526,0.6866048,0.7902201,0.7347776,0.2222222222222222,0.8868511,0.9565009474754333,0.0,0.8,0.96312311019878,0.99999999998,1.0,0.8603547795844159,marketing,embeddings_mds,512,100,all-mpnet-base-v2,optimal,5,mistralai/Mistral-7B-Instruct-v0.3,0.6,0.95,True,1.2,0.0
110,0.7088607594936709,0.25,0.09595160592782474,0.5850626,0.6315755,0.60743004,0.14814814814814814,0.82535136,0.9510511755943298,0.28571428571428575,0.6666666666666666,0.9483544985553953,0.7861904761747525,1.0,0.7309013772729369,marketing,embeddings_mds,512,100,all-mpnet-base-v2,optimal,5,mistralai/Mistral-7B-Instruct-v0.3,0.6,0.95,True,1.2,0.0
0,0.9204545454545454,0.3068181818181819,0.14343119596162862,0.6735441,0.67645466,0.67499626,0.1864406779661017,0.6425185,0.9733899235725403,0.0,0.8333333333333334,0.8835037680222935,0.9111111110928889,1.0,0.81451337078818,research,embeddings_mds,512,100,all-mpnet-base-v2,optimal,5,mistralai/Mistral-7B-Instruct-v0.3,0.6,0.95,True,1.2,0.0
7,0.7582417582417582,0.12429378531073447,0.0,0.51990104,0.5400922,0.5298042,0.10714285714285714,0.66583383,0.8409658074378967,0.0,0.0,0.914124600721002,0.99999999998,0.5,3.999999998407427e-10,research,embeddings_mds,512,100,all-mpnet-base-v2,optimal,5,mistralai/Mistral-7B-Instruct-v0.3,0.6,0.95,True,1.2,0.0
11,0.88,0.20547945205479454,0.0,0.63756025,0.6283202,0.6329065,0.08,0.47700772,0.968328058719635,0.0,0.8,0.0,0.691666666649375,0.0,3.999999998289682e-10,research,embeddings_mds,512,100,all-mpnet-base-v2,optimal,5,mistralai/Mistral-7B-Instruct-v0.3,0.6,0.95,True,1.2,0.0
19,0.5866666666666667,0.15873015873015875,0.0,0.5475912,0.5303056,0.53880984,0.06818181818181818,0.4683935,0.9290277361869812,0.0,0.75,0.0,0.9166666666361111,0.6666666666666666,3.9999999982879255e-10,research,embeddings_mds,512,100,all-mpnet-base-v2,optimal,5,mistralai/Mistral-7B-Instruct-v0.3,0.6,0.95,True,1.2,0.0
27,0.9891304347826086,0.19791666666666663,0.06447575235436645,0.63556045,0.685752,0.6597029,0.125,0.8483059,0.9702602624893188,0.0,0.8,0.938619268389495,0.999999999975,0.25,0.8279467530052068,research,embeddings_mds,512,100,all-mpnet-base-v2,optimal,5,mistralai/Mistral-7B-Instruct-v0.3,0.6,0.95,True,1.2,0.0
28,0.8674698795180723,0.25925925925925924,0.17551271250028022,0.60560745,0.64012665,0.6223888,0.11666666666666667,0.64661765,0.9622427225112915,0.8,0.5,0.0,0.99999999998,1.0,3.999999998157315e-10,research,embeddings_mds,512,100,all-mpnet-base-v2,optimal,5,mistralai/Mistral-7B-Instruct-v0.3,0.6,0.95,True,1.2,0.0
33,0.9901960784313726,0.2938388625592417,0.15882991867655863,0.6207918,0.65214,0.6360799,0.11864406779661017,0.77150613,0.9597012996673584,0.0,0.2,0.9672972116672742,0.99999999998,0.5,0.4647953593211911,research,embeddings_mds,512,100,all-mpnet-base-v2,optimal,5,mistralai/Mistral-7B-Instruct-v0.3,0.6,0.95,True,1.2,0.0
53,0.8125,0.14054054054054055,0.0,0.52263737,0.5379667,0.53019124,0.041666666666666664,0.543642,0.9374359846115112,0.0,1.0,0.8305723860797658,0.99999999998,1.0,0.7858390490594305,research,embeddings_mds,512,100,all-mpnet-base-v2,optimal,5,mistralai/Mistral-7B-Instruct-v0.3,0.6,0.95,True,1.2,0.0
63,0.7321428571428571,0.22772277227722773,0.07592199618323338,0.62462354,0.69701904,0.65883845,0.15492957746478872,0.8362237,0.9825223088264465,0.8,0.8333333333333334,0.9620554779251667,0.99999999998,0.5,0.8408194576634547,research,embeddings_mds,512,100,all-mpnet-base-v2,optimal,5,mistralai/Mistral-7B-Instruct-v0.3,0.6,0.95,True,1.2,0.0
76,0.7398373983739838,0.20091324200913244,0.05109044714577429,0.6039511,0.6413957,0.6221105,0.16,0.7878419,0.9741954803466797,0.4,0.8571428571428571,0.9436993508652879,0.99999999998,1.0,0.8275135484575131,research,embeddings_mds,512,100,all-mpnet-base-v2,optimal,5,mistralai/Mistral-7B-Instruct-v0.3,0.6,0.95,True,1.2,0.0
87,0.6090225563909775,0.2511627906976744,0.08020395904147433,0.61708474,0.701036,0.6563869,0.13636363636363635,0.7589229,0.9801005125045776,0.25,0.7,0.0,0.9821428571288265,0.8,3.999999998411902e-10,research,embeddings_mds,512,100,all-mpnet-base-v2,optimal,5,mistralai/Mistral-7B-Instruct-v0.3,0.6,0.95,True,1.2,0.0
92,0.6535433070866141,0.304147465437788,0.12821799642568785,0.6100172,0.68865794,0.64695656,0.20270270270270271,0.7400949,0.9779558181762695,0.3333333333333333,0.5714285714285714,0.9944395838992292,0.729523809509219,1.0,0.705212703540286,research,embeddings_mds,512,100,all-mpnet-base-v2,optimal,5,mistralai/Mistral-7B-Instruct-v0.3,0.6,0.95,True,1.2,0.0
95,0.8043478260869565,0.2651933701657459,0.0983032417344629,0.5487296,0.60811657,0.57689875,0.0967741935483871,0.6390673,0.947783887386322,0.0,0.8,0.9755784544874219,0.8666666666377778,0.6666666666666666,0.774850601903046,research,embeddings_mds,512,100,all-mpnet-base-v2,optimal,5,mistralai/Mistral-7B-Instruct-v0.3,0.6,0.95,True,1.2,0.0
103,0.7798165137614679,0.3979591836734694,0.15138360590082112,0.6868671,0.7620001,0.72248554,0.3230769230769231,0.83693707,0.9764939546585083,0.5,0.7142857142857143,0.9830040152131542,0.99999999998,1.0,0.8330902564323481,research,embeddings_mds,512,100,all-mpnet-base-v2,optimal,5,mistralai/Mistral-7B-Instruct-v0.3,0.6,0.95,True,1.2,0.0
110,0.9411764705882353,0.26732673267326734,0.13486273039380692,0.6317629,0.62118554,0.62642956,0.16417910447761194,0.73783123,0.9748858213424683,0.2,1.0,0.0,0.817857142843512,1.0,3.999999998472378e-10,research,embeddings_mds,512,100,all-mpnet-base-v2,optimal,5,mistralai/Mistral-7B-Instruct-v0.3,0.6,0.95,True,1.2,0.0
0,0.7230769230769231,0.2564102564102564,0.0,0.7037029,0.7357079,0.7193496,0.1590909090909091,0.6962008,0.9631618857383728,0.4,0.8,0.912701673239058,0.5654761904620536,1.0,0.7267159441473078,marketing,embeddings_mds,512,100,all-MiniLM-L12-v2,optimal,5,mistralai/Mistral-7B-Instruct-v0.3,0.6,0.95,True,1.2,0.0
7,0.2545454545454545,0.23684210526315788,0.046614669791934515,0.58592695,0.7648833,0.6635509,0.16666666666666666,0.78672457,0.8804599642753601,0.0,0.5,0.0,0.19999999998,1.0,3.9999999965971823e-10,marketing,embeddings_mds,512,100,all-MiniLM-L12-v2,optimal,5,mistralai/Mistral-7B-Instruct-v0.3,0.6,0.95,True,1.2,0.0
11,0.2631578947368421,0.08000000000000002,0.0,0.54214346,0.6251763,0.5807068,0.0,0.33495808,0.7857047915458679,0.0,0.4,0.945026542174942,0.8333333332916666,0.0,0.6172638707089889,marketing,embeddings_mds,512,100,all-MiniLM-L12-v2,optimal,5,mistralai/Mistral-7B-Instruct-v0.3,0.6,0.95,True,1.2,0.0
19,0.6212121212121212,0.15384615384615385,0.0,0.51485056,0.58038473,0.545657,0.05555555555555555,0.52664673,0.9376090168952942,0.0,0.0,0.0,0.9999999999666667,0.5,1.9999999997167347e-10,marketing,embeddings_mds,512,100,all-MiniLM-L12-v2,optimal,5,mistralai/Mistral-7B-Instruct-v0.3,0.6,0.95,True,1.2,0.0
27,0.4074074074074074,0.2,0.05785509594341803,0.63541734,0.7518677,0.6887551,0.10714285714285714,0.72609305,0.9159538149833679,0.0,0.42857142857142855,0.9363172935450496,0.99999999998,1.0,0.6833819341609416,marketing,embeddings_mds,512,100,all-MiniLM-L12-v2,optimal,5,mistralai/Mistral-7B-Instruct-v0.3,0.6,0.95,True,1.2,0.0
28,0.8292682926829268,0.15584415584415584,0.0,0.6714442,0.6879866,0.6796147,0.05714285714285714,0.81276023,0.9507877826690674,0.5,1.0,0.8780202706269494,0.99999999998,1.0,0.8676134970605861,marketing,embeddings_mds,512,100,all-MiniLM-L12-v2,optimal,5,mistralai/Mistral-7B-Instruct-v0.3,0.6,0.95,True,1.2,0.0
33,0.7540983606557377,0.3157894736842105,0.11501282597642694,0.6429204,0.60866535,0.62532413,0.11764705882352941,0.8757096,0.95561283826828,1.0,1.0,0.807164886884129,0.99999999998,1.0,0.8267751250642255,marketing,embeddings_mds,512,100,all-MiniLM-L12-v2,optimal,5,mistralai/Mistral-7B-Instruct-v0.3,0.6,0.95,True,1.2,0.0
53,0.5714285714285714,0.3018867924528302,0.1491884384034767,0.5808294,0.6701832,0.6223152,0.16666666666666666,0.7786937,0.9473497867584229,0.0,0.4,0.8610362123642695,0.99999999998,1.0,0.6381321558182659,marketing,embeddings_mds,512,100,all-MiniLM-L12-v2,optimal,5,mistralai/Mistral-7B-Instruct-v0.3,0.6,0.95,True,1.2,0.0
63,0.59375,0.2830188679245283,0.07593956188659201,0.64899683,0.7365067,0.68998814,0.10869565217391304,0.84723365,0.9711082577705383,0.5,0.75,0.9490995378593345,0.99999999998,0.5,0.8270847272313755,marketing,embeddings_mds,512,100,all-MiniLM-L12-v2,optimal,5,mistralai/Mistral-7B-Instruct-v0.3,0.6,0.95,True,1.2,0.0
76,0.6190476190476191,0.205607476635514,0.0,0.62638503,0.6842704,0.6540495,0.15789473684210525,0.81045353,0.9651378393173218,0.0,0.42857142857142855,0.9743092110741803,0.8041666666465626,1.0,0.6522985809999389,marketing,embeddings_mds,512,100,all-MiniLM-L12-v2,optimal,5,mistralai/Mistral-7B-Instruct-v0.3,0.6,0.95,True,1.2,0.0
87,0.25757575757575757,0.23529411764705882,0.10457995018881569,0.5653521,0.80318254,0.6636017,0.21621621621621623,0.61031944,0.9225413799285889,0.6666666666666666,0.0,0.9519857729204788,0.7095238095060713,1.0,3.9999999984132966e-10,marketing,embeddings_mds,512,100,all-MiniLM-L12-v2,optimal,5,mistralai/Mistral-7B-Instruct-v0.3,0.6,0.95,True,1.2,0.0
92,0.7162162162162162,0.43283582089552236,0.14137631472328732,0.7540923,0.71369755,0.7333391,0.1590909090909091,0.6261414,0.9752488732337952,0.0,1.0,0.9944395838992292,0.6218253968150331,0.8888888888888888,0.803634739116335,marketing,embeddings_mds,512,100,all-MiniLM-L12-v2,optimal,5,mistralai/Mistral-7B-Instruct-v0.3,0.6,0.95,True,1.2,0.0
95,0.8703703703703703,0.19047619047619047,0.0,0.6559251,0.6908526,0.67293596,0.061224489795918366,0.72097784,0.9674960970878601,0.0,0.42857142857142855,0.9428071314175099,0.9166666666361111,0.0,0.6699123701227704,marketing,embeddings_mds,512,100,all-MiniLM-L12-v2,optimal,5,mistralai/Mistral-7B-Instruct-v0.3,0.6,0.95,True,1.2,0.0
103,0.7428571428571429,0.2580645161290323,0.09592545068492521,0.6968558,0.73917466,0.7173917,0.14705882352941177,0.7996001,0.9293453693389893,0.0,0.4,0.9582558012950151,0.99999999998,1.0,0.6736840711016209,marketing,embeddings_mds,512,100,all-MiniLM-L12-v2,optimal,5,mistralai/Mistral-7B-Instruct-v0.3,0.6,0.95,True,1.2,0.0
110,0.8928571428571429,0.2264150943396226,0.11841837572972204,0.68422073,0.6657297,0.67484856,0.16666666666666666,0.8793551,0.9526951313018799,0.0,0.3333333333333333,0.9810093098107239,0.94999999997625,0.5,0.6103325824110056,marketing,embeddings_mds,512,100,all-MiniLM-L12-v2,optimal,5,mistralai/Mistral-7B-Instruct-v0.3,0.6,0.95,True,1.2,0.0
0,0.9777777777777777,0.2594594594594594,0.06643579059800025,0.6632901,0.67089915,0.66707295,0.18461538461538463,0.6676154,0.9805221557617188,0.0,0.8,0.8914483033756158,0.5654761904620536,1.0,0.7093107262327266,research,embeddings_mds,512,100,all-MiniLM-L12-v2,optimal,5,mistralai/Mistral-7B-Instruct-v0.3,0.6,0.95,True,1.2,0.0
7,0.25274725274725274,0.08403361344537816,0.0061439928887320056,0.5669519,0.490476,0.52594846,0.061224489795918366,0.64901483,0.9044638872146606,0.0,0.0,0.0,0.99999999998,1.0,1.9999999997098675e-10,research,embeddings_mds,512,100,all-MiniLM-L12-v2,optimal,5,mistralai/Mistral-7B-Instruct-v0.3,0.6,0.95,True,1.2,0.0
11,0.6147540983606558,0.20588235294117643,0.05079136405875868,0.5691602,0.6551351,0.60912883,0.09859154929577464,0.61611027,0.9670590758323669,0.4,0.6666666666666666,0.9613837678712234,0.8041666666465626,1.0,0.7372756159469828,research,embeddings_mds,512,100,all-MiniLM-L12-v2,optimal,5,mistralai/Mistral-7B-Instruct-v0.3,0.6,0.95,True,1.2,0.0
19,0.7978723404255319,0.17777777777777778,0.0,0.5495017,0.6115755,0.57887924,0.14285714285714285,0.53706163,0.9542912244796753,0.0,0.5,0.0,0.6791666666496875,1.0,3.9999999979200524e-10,research,embeddings_mds,512,100,all-MiniLM-L12-v2,optimal,5,mistralai/Mistral-7B-Instruct-v0.3,0.6,0.95,True,1.2,0.0
27,0.6593406593406593,0.345679012345679,0.19631936148362733,0.7270015,0.709185,0.7179827,0.2765957446808511,0.8932909,0.9737419486045837,0.0,1.0,0.9953794831525657,0.99999999998,0.75,0.9096215664264286,research,embeddings_mds,512,100,all-MiniLM-L12-v2,optimal,5,mistralai/Mistral-7B-Instruct-v0.3,0.6,0.95,True,1.2,0.0
28,0.8674698795180723,0.3125,0.18749115015109702,0.64175487,0.6614708,0.6514637,0.22807017543859648,0.8248322,0.979925811290741,0.5714285714285715,0.8,1.0000000000000002,0.99999999998,1.0,0.835944794730111,research,embeddings_mds,512,100,all-MiniLM-L12-v2,optimal,5,mistralai/Mistral-7B-Instruct-v0.3,0.6,0.95,True,1.2,0.0
33,1.0,0.3714285714285714,0.26965566973822297,0.6242324,0.6454899,0.63468325,0.1836734693877551,0.7936973,0.9493503570556641,0.0,0.5714285714285714,0.9920524412778472,0.99999999998,1.0,0.749962461276865,research,embeddings_mds,512,100,all-MiniLM-L12-v2,optimal,5,mistralai/Mistral-7B-Instruct-v0.3,0.6,0.95,True,1.2,0.0
53,0.7959183673469388,0.21621621621621626,0.06283574357384956,0.6167713,0.6417147,0.6289958,0.16417910447761194,0.760823,0.971137285232544,0.0,0.8571428571428571,0.9529234925520826,0.99999999998,1.0,0.8323094852756169,research,embeddings_mds,512,100,all-MiniLM-L12-v2,optimal,5,mistralai/Mistral-7B-Instruct-v0.3,0.6,0.95,True,1.2,0.0
63,0.9534883720930233,0.25988700564971756,0.09177420199587252,0.5925562,0.6953329,0.63984364,0.22950819672131148,0.8352597,0.976901113986969,0.6666666666666666,0.7142857142857143,0.9554354770172223,0.99999999998,1.0,0.7984789009182693,research,embeddings_mds,512,100,all-MiniLM-L12-v2,optimal,5,mistralai/Mistral-7B-Instruct-v0.3,0.6,0.95,True,1.2,0.0
76,0.8198198198198198,0.24880382775119617,0.06420071435894835,0.6357986,0.67021835,0.65255487,0.16923076923076924,0.8075832,0.9804283976554871,0.0,0.4444444444444444,0.8994544392652267,0.94999999997625,1.0,0.6726244615298147,research,embeddings_mds,512,100,all-MiniLM-L12-v2,optimal,5,mistralai/Mistral-7B-Instruct-v0.3,0.6,0.95,True,1.2,0.0
87,0.7297297297297297,0.2694300518134715,0.10057583747913658,0.6201696,0.67686,0.6472759,0.1506849315068493,0.8252926,0.9578036665916443,0.25,0.6666666666666666,0.8785117122207007,0.9060405643638306,1.0,0.7565829896832309,research,embeddings_mds,512,100,all-MiniLM-L12-v2,optimal,5,mistralai/Mistral-7B-Instruct-v0.3,0.6,0.95,True,1.2,0.0
92,0.6287878787878788,0.2869955156950673,0.1303880497112401,0.6273134,0.7164847,0.6689404,0.14102564102564102,0.7922142,0.9816109538078308,0.0,0.9285714285714286,0.9666344083022992,0.5961904761785524,1.0,0.7570512600922976,research,embeddings_mds,512,100,all-MiniLM-L12-v2,optimal,5,mistralai/Mistral-7B-Instruct-v0.3,0.6,0.95,True,1.2,0.0
95,0.8846153846153846,0.23529411764705882,0.10224739840513933,0.6091171,0.6477191,0.62782526,0.09722222222222222,0.71346956,0.9661478996276855,0.0,0.8,0.9720591581542991,0.8874999999778125,1.0,0.8002713820096778,research,embeddings_mds,512,100,all-MiniLM-L12-v2,optimal,5,mistralai/Mistral-7B-Instruct-v0.3,0.6,0.95,True,1.2,0.0
103,0.7024793388429752,0.24880382775119617,0.07423126175040722,0.62644386,0.66314703,0.64427316,0.1891891891891892,0.8074351,0.9781772494316101,0.3333333333333333,1.0,0.9017747149384391,0.99999999998,1.0,0.858173693614378,research,embeddings_mds,512,100,all-MiniLM-L12-v2,optimal,5,mistralai/Mistral-7B-Instruct-v0.3,0.6,0.95,True,1.2,0.0
110,0.9107142857142857,0.27777777777777773,0.09300773946539904,0.62930644,0.61724067,0.62321514,0.10666666666666667,0.80947703,0.9813519716262817,0.0,0.375,0.9633883630319484,0.99999999998,1.0,0.6339895795527661,research,embeddings_mds,512,100,all-MiniLM-L12-v2,optimal,5,mistralai/Mistral-7B-Instruct-v0.3,0.6,0.95,True,1.2,0.0
0,0.746031746031746,0.22608695652173913,0.0,0.6730594,0.71562797,0.69369125,0.1276595744680851,0.7053721,0.953623354434967,0.4,0.8571428571428571,0.8717070248588453,0.999999999975,1.0,0.8411482007279669,marketing,embeddings_mds,512,100,multi-qa-mpnet-base-dot-v1,optimal,5,mistralai/Mistral-7B-Instruct-v0.3,0.6,0.95,True,1.2,0.0
7,0.28,0.3291139240506329,0.10560672101903942,0.5322347,0.8156922,0.64415914,0.19047619047619047,0.866492,0.9029430150985718,1.0,0.5,0.9289370445859024,0.9166666666361111,1.0,0.6993227373663354,marketing,embeddings_mds,512,100,multi-qa-mpnet-base-dot-v1,optimal,5,mistralai/Mistral-7B-Instruct-v0.3,0.6,0.95,True,1.2,0.0
11,0.2702702702702703,0.0,0.0,0.5518001,0.65009993,0.59693015,0.0,0.31320018,0.7927080988883972,0.0,0.5,0.8381855662955059,0.5333333333155555,1.0,0.5931821605990778,marketing,embeddings_mds,512,100,multi-qa-mpnet-base-dot-v1,optimal,5,mistralai/Mistral-7B-Instruct-v0.3,0.6,0.95,True,1.2,0.0
19,0.6507936507936508,0.1592920353982301,0.0,0.5101677,0.5871839,0.54597324,0.08333333333333333,0.58394563,0.9378825426101685,0.0,0.4,0.0,0.5333333333155555,0.0,3.999999997517363e-10,marketing,embeddings_mds,512,100,multi-qa-mpnet-base-dot-v1,optimal,5,mistralai/Mistral-7B-Instruct-v0.3,0.6,0.95,True,1.2,0.0
27,0.4782608695652174,0.24657534246575347,0.051366639095059514,0.6308038,0.75798315,0.68857014,0.03571428571428571,0.7766228,0.9034638404846191,0.0,0.6666666666666666,0.9113018183590481,0.8874999999778125,1.0,0.7727412934051674,marketing,embeddings_mds,512,100,multi-qa-mpnet-base-dot-v1,optimal,5,mistralai/Mistral-7B-Instruct-v0.3,0.6,0.95,True,1.2,0.0
28,0.68,0.18604651162790697,0.0,0.6514453,0.67751014,0.6642222,0.05263157894736842,0.79503393,0.959301233291626,0.0,0.6666666666666666,0.8728700020711834,0.99999999998,1.0,0.7765231710383317,marketing,embeddings_mds,512,100,multi-qa-mpnet-base-dot-v1,optimal,5,mistralai/Mistral-7B-Instruct-v0.3,0.6,0.95,True,1.2,0.0
33,0.7666666666666667,0.3571428571428571,0.1953895178819041,0.6650846,0.6572955,0.66116714,0.25,0.8545288,0.971857488155365,0.0,1.0,0.9938763878842409,0.99999999998,1.0,0.8852224659470713,marketing,embeddings_mds,512,100,multi-qa-mpnet-base-dot-v1,optimal,5,mistralai/Mistral-7B-Instruct-v0.3,0.6,0.95,True,1.2,0.0
53,0.5806451612903226,0.31683168316831684,0.11531430385976883,0.6730447,0.72275025,0.6970125,0.09090909090909091,0.65606904,0.9521233439445496,0.0,0.5,0.9311158366191926,0.99999999998,1.0,0.7261274582403026,marketing,embeddings_mds,512,100,multi-qa-mpnet-base-dot-v1,optimal,5,mistralai/Mistral-7B-Instruct-v0.3,0.6,0.95,True,1.2,0.0
63,0.5277777777777778,0.2857142857142857,0.06935315928231978,0.68335664,0.7474824,0.7139826,0.16,0.88204205,0.9650507569313049,0.0,0.5714285714285714,0.9620836144066532,0.99999999998,1.0,0.7707121595264101,marketing,embeddings_mds,512,100,multi-qa-mpnet-base-dot-v1,optimal,5,mistralai/Mistral-7B-Instruct-v0.3,0.6,0.95,True,1.2,0.0
76,0.5064935064935064,0.18333333333333335,0.0,0.6082652,0.6607202,0.63340855,0.125,0.7406621,0.9408630728721619,0.0,0.2,0.9436993508652879,0.6791666666496875,1.0,0.439038800545664,marketing,embeddings_mds,512,100,multi-qa-mpnet-base-dot-v1,optimal,5,mistralai/Mistral-7B-Instruct-v0.3,0.6,0.95,True,1.2,0.0
87,0.2328767123287671,0.2,0.04344671285384357,0.5570122,0.7667751,0.6452745,0.15789473684210525,0.76657355,0.9406301975250244,0.0,0.8333333333333334,0.9088433264396616,0.26785714284375,1.0,0.5274706013767796,marketing,embeddings_mds,512,100,multi-qa-mpnet-base-dot-v1,optimal,5,mistralai/Mistral-7B-Instruct-v0.3,0.6,0.95,True,1.2,0.0
92,0.7432432432432432,0.3259259259259259,0.0,0.7006821,0.6854712,0.6929932,0.1,0.6121322,0.9722204804420471,0.0,0.375,0.9541612600749693,0.5961904761785524,0.7777777777777778,0.5852197421642225,marketing,embeddings_mds,512,100,multi-qa-mpnet-base-dot-v1,optimal,5,mistralai/Mistral-7B-Instruct-v0.3,0.6,0.95,True,1.2,0.0
95,0.9215686274509803,0.1,0.0,0.5515855,0.641,0.5929408,0.0425531914893617,0.57383966,0.8919078707695007,0.0,0.4,0.9178218283526695,0.8874999999778125,0.6666666666666666,0.6247261299255137,marketing,embeddings_mds,512,100,multi-qa-mpnet-base-dot-v1,optimal,5,mistralai/Mistral-7B-Instruct-v0.3,0.6,0.95,True,1.2,0.0
103,0.5098039215686274,0.3896103896103896,0.16759866944307295,0.69841903,0.8062778,0.7484827,0.2702702702702703,0.81006074,0.9607675671577454,0.0,1.0,0.9830040152131542,0.999999999975,1.0,0.91883767863199,marketing,embeddings_mds,512,100,multi-qa-mpnet-base-dot-v1,optimal,5,mistralai/Mistral-7B-Instruct-v0.3,0.6,0.95,True,1.2,0.0
110,1.0,0.19642857142857142,0.13411614382985576,0.6654427,0.6580477,0.66172457,0.13953488372093023,0.84413123,0.9616683721542358,0.0,0.25,0.9544450958221716,0.7678571428379464,1.0,0.5088244408167496,marketing,embeddings_mds,512,100,multi-qa-mpnet-base-dot-v1,optimal,5,mistralai/Mistral-7B-Instruct-v0.3,0.6,0.95,True,1.2,0.0
0,0.676923076923077,0.2378854625550661,0.08303934462154736,0.65243554,0.6960125,0.6735199,0.15789473684210525,0.707044,0.9806333184242249,0.0,1.0,0.8755067075181007,0.999999999975,0.3333333333333333,0.864503575017882,research,embeddings_mds,512,100,multi-qa-mpnet-base-dot-v1,optimal,5,mistralai/Mistral-7B-Instruct-v0.3,0.6,0.95,True,1.2,0.0
7,1.0,0.28125,0.11175589047334408,0.60922575,0.64375645,0.62601537,0.13432835820895522,0.75194895,0.9464167952537537,0.0,0.14285714285714285,0.9398413405169764,0.99999999998,0.25,0.3751847476399175,research,embeddings_mds,512,100,multi-qa-mpnet-base-dot-v1,optimal,5,mistralai/Mistral-7B-Instruct-v0.3,0.6,0.95,True,1.2,0.0
11,0.78125,0.15819209039548024,0.0,0.57185304,0.6206844,0.59526896,0.06349206349206349,0.5120332,0.9660060405731201,0.0,0.6666666666666666,0.0,0.8766666666491334,1.0,3.9999999982717614e-10,research,embeddings_mds,512,100,multi-qa-mpnet-base-dot-v1,optimal,5,mistralai/Mistral-7B-Instruct-v0.3,0.6,0.95,True,1.2,0.0
19,0.8152173913043478,0.1229050279329609,0.0,0.52486265,0.57940805,0.5507882,0.047619047619047616,0.3569913,0.9347842931747437,0.0,0.25,0.784155863240646,0.5888888888692593,0.6666666666666666,0.4551169483502095,research,embeddings_mds,512,100,multi-qa-mpnet-base-dot-v1,optimal,5,mistralai/Mistral-7B-Instruct-v0.3,0.6,0.95,True,1.2,0.0
27,0.8131868131868132,0.29239766081871343,0.17992610152109614,0.69683075,0.65320057,0.6743106,0.2037037037037037,0.86284864,0.9804909825325012,0.0,1.0,1.0,0.99999999998,0.75,0.892260422614337,research,embeddings_mds,512,100,multi-qa-mpnet-base-dot-v1,optimal,5,mistralai/Mistral-7B-Instruct-v0.3,0.6,0.95,True,1.2,0.0
28,0.6486486486486487,0.2094240837696335,0.09714376398415736,0.5851305,0.63029045,0.6068715,0.13846153846153847,0.79064775,0.9810882806777954,0.0,0.8571428571428571,0.911114699147496,0.99999999998,0.3333333333333333,0.8143291574793169,research,embeddings_mds,512,100,multi-qa-mpnet-base-dot-v1,optimal,5,mistralai/Mistral-7B-Instruct-v0.3,0.6,0.95,True,1.2,0.0
33,0.8869565217391304,0.32456140350877194,0.22357569980707254,0.68240553,0.7094482,0.69566417,0.14285714285714285,0.8026173,0.9787741303443909,0.0,1.0,0.9880238743802637,0.99999999998,0.75,0.8989579175707212,research,embeddings_mds,512,100,multi-qa-mpnet-base-dot-v1,optimal,5,mistralai/Mistral-7B-Instruct-v0.3,0.6,0.95,True,1.2,0.0
53,0.7428571428571429,0.18848167539267016,0.0,0.60130614,0.61175764,0.60648686,0.11940298507462686,0.7187221,0.9735904335975647,0.0,0.8,0.9244987918681947,0.99999999998,1.0,0.8031310083834774,research,embeddings_mds,512,100,multi-qa-mpnet-base-dot-v1,optimal,5,mistralai/Mistral-7B-Instruct-v0.3,0.6,0.95,True,1.2,0.0
63,0.6307692307692307,0.39631336405529954,0.2678803344571187,0.7108042,0.79507875,0.7505833,0.30434782608695654,0.9114848,0.987754225730896,0.5,0.8888888888888888,0.9620836144066532,0.99999999998,1.0,0.8895396558633178,research,embeddings_mds,512,100,multi-qa-mpnet-base-dot-v1,optimal,5,mistralai/Mistral-7B-Instruct-v0.3,0.6,0.95,True,1.2,0.0
76,0.7165354330708661,0.17777777777777778,0.0,0.56300795,0.62536126,0.5925487,0.11538461538461539,0.82132536,0.9693076610565186,0.28571428571428575,0.9,0.9348588388505653,0.99999999998,1.0,0.8216224316124714,research,embeddings_mds,512,100,multi-qa-mpnet-base-dot-v1,optimal,5,mistralai/Mistral-7B-Instruct-v0.3,0.6,0.95,True,1.2,0.0
87,0.6585365853658537,0.27751196172248804,0.06556477133065498,0.6771102,0.7309234,0.70298845,0.20512820512820512,0.7329675,0.9817079901695251,0.0,1.0,0.9809222310080483,0.7345238095115675,0.8,0.8327480625248921,research,embeddings_mds,512,100,multi-qa-mpnet-base-dot-v1,optimal,5,mistralai/Mistral-7B-Instruct-v0.3,0.6,0.95,True,1.2,0.0
92,0.6747967479674797,0.3222748815165876,0.12977674494101826,0.6591082,0.7271089,0.6914407,0.2,0.8374001,0.9819545745849609,0.3333333333333333,0.4444444444444444,0.9944395838992292,0.5666666666525,1.0,0.618567578250805,research,embeddings_mds,512,100,multi-qa-mpnet-base-dot-v1,optimal,5,mistralai/Mistral-7B-Instruct-v0.3,0.6,0.95,True,1.2,0.0
95,0.8363636363636363,0.20952380952380953,0.10262147200827103,0.5993484,0.64599454,0.62179786,0.10526315789473684,0.6930435,0.9676101803779602,0.0,1.0,0.9675688613839933,0.99999999998,1.0,0.8617425022619687,research,embeddings_mds,512,100,multi-qa-mpnet-base-dot-v1,optimal,5,mistralai/Mistral-7B-Instruct-v0.3,0.6,0.95,True,1.2,0.0
103,0.7203389830508474,0.2829268292682927,0.0,0.6471943,0.685957,0.66601217,0.13580246913580246,0.77853215,0.9854606986045837,0.28571428571428575,0.16666666666666666,0.9520170624259209,0.999999999975,1.0,0.41876593326261213,research,embeddings_mds,512,100,multi-qa-mpnet-base-dot-v1,optimal,5,mistralai/Mistral-7B-Instruct-v0.3,0.6,0.95,True,1.2,0.0
110,0.7906976744186046,0.23275862068965517,0.10127753798828698,0.57596684,0.59079856,0.58328843,0.12345679012345678,0.69148177,0.9713788032531738,0.0,0.5714285714285714,0.9633029711764844,0.9150793650641138,1.0,0.7148839080271108,research,embeddings_mds,512,100,multi-qa-mpnet-base-dot-v1,optimal,5,mistralai/Mistral-7B-Instruct-v0.3,0.6,0.95,True,1.2,0.0
0,0.5465116279069767,0.24817518248175185,0.04773629131440084,0.6322383,0.7239479,0.6749923,0.17647058823529413,0.9180317,0.9711669683456421,0.0,0.8,0.8916287953185646,0.3797619047524107,1.0,0.616687233226917,marketing,embeddings_mds,512,100,all-distilroberta-v1,optimal,5,mistralai/Mistral-7B-Instruct-v0.3,0.6,0.95,True,1.2,0.0
7,0.2222222222222222,0.09876543209876543,0.0,0.49102098,0.5543933,0.52078635,0.07692307692307693,0.38120145,0.8349236249923706,0.0,0.75,0.0,0.4166666666458333,1.0,3.999999997738597e-10,marketing,embeddings_mds,512,100,all-distilroberta-v1,optimal,5,mistralai/Mistral-7B-Instruct-v0.3,0.6,0.95,True,1.2,0.0
11,0.16666666666666666,0.028571428571428574,0.0,0.47807252,0.63824606,0.5466682,0.0,0.2676013,0.8004602193832397,0.0,1.0,0.9447875649745736,0.691666666649375,1.0,0.7499786251445865,marketing,embeddings_mds,512,100,all-distilroberta-v1,optimal,5,mistralai/Mistral-7B-Instruct-v0.3,0.6,0.95,True,1.2,0.0
19,0.5774647887323944,0.16393442622950816,0.0,0.57862556,0.62526226,0.6010406,0.0625,0.6298883,0.9392977952957153,0.0,0.0,0.9763670380884816,0.4777777777618519,0.5,3.9999999980875963e-10,marketing,embeddings_mds,512,100,all-distilroberta-v1,optimal,5,mistralai/Mistral-7B-Instruct-v0.3,0.6,0.95,True,1.2,0.0
27,0.5945945945945946,0.2580645161290323,0.0,0.69244903,0.77253515,0.73030305,0.125,0.83657515,0.9474918842315674,0.0,0.75,0.915941631582135,0.999999999975,1.0,0.8343066071339481,marketing,embeddings_mds,512,100,all-distilroberta-v1,optimal,5,mistralai/Mistral-7B-Instruct-v0.3,0.6,0.95,True,1.2,0.0
28,0.6296296296296297,0.2888888888888889,0.11966751775324048,0.6620295,0.7105386,0.68542683,0.18181818181818182,0.88238025,0.9644007682800293,0.5,1.0,0.0,0.99999999998,1.0,3.999999998616422e-10,marketing,embeddings_mds,512,100,all-distilroberta-v1,optimal,5,mistralai/Mistral-7B-Instruct-v0.3,0.6,0.95,True,1.2,0.0
33,0.696969696969697,0.3025210084033614,0.13102969948465215,0.6398692,0.61076295,0.62497735,0.18181818181818182,0.90526557,0.9512004852294922,0.0,0.375,0.962948904003555,0.99999999998,1.0,0.6343968723090668,marketing,embeddings_mds,512,100,all-distilroberta-v1,optimal,5,mistralai/Mistral-7B-Instruct-v0.3,0.6,0.95,True,1.2,0.0
53,0.48,0.20689655172413793,0.0,0.5834341,0.6579751,0.6184666,0.04,0.6117238,0.9552940726280212,0.0,0.5,0.8605679639840778,0.8041666666465626,1.0,0.664181664303987,marketing,embeddings_mds,512,100,all-distilroberta-v1,optimal,5,mistralai/Mistral-7B-Instruct-v0.3,0.6,0.95,True,1.2,0.0
63,0.5671641791044776,0.33027522935779813,0.08315140534013735,0.6721504,0.75899243,0.7129366,0.17777777777777778,0.9250312,0.963952362537384,0.4,0.5,0.9640063217677578,0.99999999998,0.5,0.7352958912162936,marketing,embeddings_mds,512,100,all-distilroberta-v1,optimal,5,mistralai/Mistral-7B-Instruct-v0.3,0.6,0.95,True,1.2,0.0
76,0.5492957746478874,0.1754385964912281,0.0,0.6141928,0.71907836,0.66251004,0.14285714285714285,0.8546992,0.9591616988182068,0.0,0.8,0.0,0.8055555555287036,1.0,3.9999999983996843e-10,marketing,embeddings_mds,512,100,all-distilroberta-v1,optimal,5,mistralai/Mistral-7B-Instruct-v0.3,0.6,0.95,True,1.2,0.0
87,0.2833333333333333,0.17721518987341772,0.0,0.56469214,0.7662073,0.6501937,0.11764705882352941,0.6743,0.9223141670227051,0.0,0.6,0.8890945634559998,0.36666666664833336,1.0,0.5668386077445474,marketing,embeddings_mds,512,100,all-distilroberta-v1,optimal,5,mistralai/Mistral-7B-Instruct-v0.3,0.6,0.95,True,1.2,0.0
92,0.6756756756756757,0.372093023255814,0.08272123628174215,0.7199137,0.6893877,0.70432013,0.13333333333333333,0.59496653,0.9770721197128296,0.0,0.875,0.9944395838992292,0.8261904761739525,0.9,0.8370596168592297,marketing,embeddings_mds,512,100,all-distilroberta-v1,optimal,5,mistralai/Mistral-7B-Instruct-v0.3,0.6,0.95,True,1.2,0.0
95,0.9361702127659575,0.17204301075268819,0.0,0.6623311,0.66586596,0.66409385,0.12195121951219512,0.7072272,0.9604613780975342,0.0,0.3333333333333333,0.9171839380207683,0.8333333332916666,0.3333333333333333,0.5885724201101528,marketing,embeddings_mds,512,100,all-distilroberta-v1,optimal,5,mistralai/Mistral-7B-Instruct-v0.3,0.6,0.95,True,1.2,0.0
103,0.6666666666666666,0.6153846153846154,0.28050892427640006,0.81167066,0.910352,0.85818386,0.4444444444444444,0.95902485,0.9784135222434998,0.0,0.5,0.9830040152131531,0.99999999998,1.0,0.7718221121659928,marketing,embeddings_mds,512,100,all-distilroberta-v1,optimal,5,mistralai/Mistral-7B-Instruct-v0.3,0.6,0.95,True,1.2,0.0
110,0.7321428571428571,0.18556701030927836,0.09188028855604248,0.64106697,0.6209376,0.63084173,0.12195121951219512,0.82164943,0.9325860738754272,0.0,0.3333333333333333,0.9810093098107235,0.9484126983968916,1.0,0.6006966360459336,marketing,embeddings_mds,512,100,all-distilroberta-v1,optimal,5,mistralai/Mistral-7B-Instruct-v0.3,0.6,0.95,True,1.2,0.0
0,0.6984126984126984,0.26126126126126126,0.10147730778544588,0.64324516,0.6974688,0.6692605,0.18181818181818182,0.72594774,0.9796851873397827,0.4,0.5555555555555556,0.908659129450911,0.3797619047524107,0.6666666666666666,0.5691569796342052,research,embeddings_mds,512,100,all-distilroberta-v1,optimal,5,mistralai/Mistral-7B-Instruct-v0.3,0.6,0.95,True,1.2,0.0
7,0.25274725274725274,0.08403361344537816,0.0061439928887320056,0.5669519,0.490476,0.52594846,0.061224489795918366,0.64901483,0.9044638872146606,0.0,0.0,0.0,0.99999999998,1.0,1.9999999997098675e-10,research,embeddings_mds,512,100,all-distilroberta-v1,optimal,5,mistralai/Mistral-7B-Instruct-v0.3,0.6,0.95,True,1.2,0.0
11,0.8064516129032258,0.1627906976744186,0.0,0.572142,0.60870224,0.58985615,0.06557377049180328,0.5316666,0.9553920030593872,0.0,1.0,0.0,0.9999999999833333,0.3333333333333333,3.9999999985218687e-10,research,embeddings_mds,512,100,all-distilroberta-v1,optimal,5,mistralai/Mistral-7B-Instruct-v0.3,0.6,0.95,True,1.2,0.0
19,0.75,0.2021276595744681,0.0,0.5318547,0.59529424,0.5617892,0.06153846153846154,0.41573286,0.943000316619873,0.0,1.0,0.0,0.6791666666496875,1.0,3.999999998299032e-10,research,embeddings_mds,512,100,all-distilroberta-v1,optimal,5,mistralai/Mistral-7B-Instruct-v0.3,0.6,0.95,True,1.2,0.0
27,0.967032967032967,0.27083333333333337,0.18915821979226763,0.67896706,0.715087,0.6965591,0.22413793103448276,0.8967085,0.9742337465286255,0.0,0.2857142857142857,0.9754368395046713,0.99999999998,0.75,0.5746457572696926,research,embeddings_mds,512,100,all-distilroberta-v1,optimal,5,mistralai/Mistral-7B-Instruct-v0.3,0.6,0.95,True,1.2,0.0
28,0.6101694915254238,0.1717171717171717,0.0,0.5849974,0.6351711,0.60905266,0.06944444444444445,0.8065669,0.9744335412979126,0.0,0.625,0.0,0.99999999998,1.0,3.9999999983032423e-10,research,embeddings_mds,512,100,all-distilroberta-v1,optimal,5,mistralai/Mistral-7B-Instruct-v0.3,0.6,0.95,True,1.2,0.0
33,0.9444444444444444,0.3013698630136986,0.21303255913018626,0.6704286,0.6732076,0.6718152,0.17543859649122806,0.8273607,0.983025074005127,0.0,1.0,0.9752701304338627,0.99999999998,1.0,0.8861592285559838,research,embeddings_mds,512,100,all-distilroberta-v1,optimal,5,mistralai/Mistral-7B-Instruct-v0.3,0.6,0.95,True,1.2,0.0
53,0.6554621848739496,0.2115384615384615,0.0663394386558135,0.5773222,0.6002787,0.5885767,0.0958904109589041,0.62593234,0.9680531620979309,0.0,0.625,0.837735837902387,0.99999999998,1.0,0.728238284173417,research,embeddings_mds,512,100,all-distilroberta-v1,optimal,5,mistralai/Mistral-7B-Instruct-v0.3,0.6,0.95,True,1.2,0.0
63,0.6119402985074627,0.5181818181818182,0.3069376122855793,0.7040269,0.8149162,0.75542384,0.373134328358209,0.9356779,0.9870275855064392,0.5,0.6666666666666666,0.9640063217677578,0.99999999998,1.0,0.8228594050382569,research,embeddings_mds,512,100,all-distilroberta-v1,optimal,5,mistralai/Mistral-7B-Instruct-v0.3,0.6,0.95,True,1.2,0.0
76,0.728,0.1990950226244344,0.09369244330712011,0.63949966,0.6607154,0.6499345,0.15714285714285714,0.756587,0.9782822132110596,0.0,0.5714285714285714,0.9660327309858585,0.99999999998,1.0,0.7513460924419102,research,embeddings_mds,512,100,all-distilroberta-v1,optimal,5,mistralai/Mistral-7B-Instruct-v0.3,0.6,0.95,True,1.2,0.0
87,0.6923076923076923,0.27722772277227725,0.07115475457314231,0.63605374,0.6800074,0.6572966,0.1111111111111111,0.7250036,0.9694775938987732,0.28571428571428575,0.6428571428571429,0.9611357684457821,0.9999999999888889,0.8,0.7816508316510153,research,embeddings_mds,512,100,all-distilroberta-v1,optimal,5,mistralai/Mistral-7B-Instruct-v0.3,0.6,0.95,True,1.2,0.0
92,0.7345132743362832,0.25490196078431376,0.059800313967845284,0.6387444,0.6699103,0.65395623,0.14285714285714285,0.78462046,0.9749808311462402,0.0,0.8571428571428571,0.9482494753116854,0.8261904761739525,1.0,0.8063263712452692,research,embeddings_mds,512,100,all-distilroberta-v1,optimal,5,mistralai/Mistral-7B-Instruct-v0.3,0.6,0.95,True,1.2,0.0
95,0.9021739130434783,0.18681318681318684,0.18347623927204973,0.6244619,0.6328019,0.62860423,0.22413793103448276,0.67045116,0.9771979451179504,0.0,1.0,0.0,0.99999999998,0.2,3.99999999856367e-10,research,embeddings_mds,512,100,all-distilroberta-v1,optimal,5,mistralai/Mistral-7B-Instruct-v0.3,0.6,0.95,True,1.2,0.0
103,0.7327586206896551,0.3235294117647059,0.187028635318515,0.6696952,0.744787,0.7052479,0.19736842105263158,0.83234954,0.9871118068695068,0.28571428571428575,0.8333333333333334,0.9364648819892931,0.99999999998,1.0,0.853645304942635,research,embeddings_mds,512,100,all-distilroberta-v1,optimal,5,mistralai/Mistral-7B-Instruct-v0.3,0.6,0.95,True,1.2,0.0
110,0.796875,0.23529411764705882,0.059957099310301847,0.54337454,0.5949316,0.5679855,0.11764705882352941,0.7228113,0.9660528898239136,0.0,1.0,0.9633029711764847,0.9484126983968916,1.0,0.8242160032285584,research,embeddings_mds,512,100,all-distilroberta-v1,optimal,5,mistralai/Mistral-7B-Instruct-v0.3,0.6,0.95,True,1.2,0.0
